name,orcid,link,date,is_a_link,id,automatic_pdf_download,type,direct_link
Aleksandra Izabela Arciszewska-Leszczuk,https://orcid.org/0000-0002-1762-3963,https://doi.org/10.12740/pp/onlinefirst/138995,2021-09-03,1,Aleksandra_Izabela_Arciszewska-Leszczuk_1,0,pdf_site,https://www.psychiatriapolska.pl/pdf-138995-81860?filename=Satisfaction
Aleksandra Izabela Arciszewska-Leszczuk,https://orcid.org/0000-0002-1762-3963,https://doi.org/10.12740/pp/onlinefirst/115554,2020-06-30,1,Aleksandra_Izabela_Arciszewska-Leszczuk_3,0,pdf_site,https://www.psychiatriapolska.pl/pdf-115554-81643?filename=Premorbid
Aleksandra Izabela Arciszewska-Leszczuk,https://orcid.org/0000-0002-1762-3963,https://doi.org/10.12740/pp/91915,2019-02,1,Aleksandra_Izabela_Arciszewska-Leszczuk_7,0,pdf_site,https://www.psychiatriapolska.pl/pdf-91915-81518?filename=Differences
Aleksandra Izabela Arciszewska-Leszczuk,https://orcid.org/0000-0002-1762-3963,https://doi.org/10.12740/pp/onlinefirst/79835,2018-10,1,Aleksandra_Izabela_Arciszewska-Leszczuk_9,0,pdf_site,https://www.psychiatriapolska.pl/pdf-79835-81490?filename=Mental
Aleksandra Izabela Arciszewska-Leszczuk,https://orcid.org/0000-0002-1762-3963,https://doi.org/10.24869/psyd.2017.322,2017-09,1,Aleksandra_Izabela_Arciszewska-Leszczuk_14,0,pdf_site,http://www.hdbp.org/psychiatria_danubina/pdf/dnb_vol29_no3/dnb_vol29_no3_322.pdf
Marlena Banasik,https://orcid.org/0000-0002-5329-4984,https://doi.org/10.5604/01.3001.0014.1249,2019,1,Marlena_Banasik_2,0,pdf_site,https://sporthumanities.pl/gicid/pdf/01.3001.0014.1249
Marlena Banasik,https://orcid.org/0000-0002-5329-4984,https://doi.org/10.12740/pp/73973,2017,1,Marlena_Banasik_4,0,pdf_site,https://www.psychiatriapolska.pl/pdf-73973-81394?filename=Aggressiveness
Róża Alicja Banaśkiewicz-Bazińska,https://orcid.org/0000-0001-8354-5521,https://doi.org/10.3389/fpsyg.2020.506085,2021,1,Róża_Alicja_Banaśkiewicz-Bazińska_1,0,text_scraping,https://www.frontiersin.org/articles/10.3389/fpsyg.2020.506085/full
Anna Aleksandra Banik,https://orcid.org/0000-0002-8674-9981,https://doi.org/10.1016/j.socscimed.2021.114336,2021-10,1,Anna_Aleksandra_Banik_4,0,manual_checking,https://doi.org/10.1016/j.socscimed.2021.114336
Anna Aleksandra Banik,https://orcid.org/0000-0002-8674-9981,https://doi.org/10.1037/rep0000281,2019-05-30,1,Anna_Aleksandra_Banik_14,0,manual_checking,https://doi.org/10.1037/rep0000281
Anna Aleksandra Banik,https://orcid.org/0000-0002-8674-9981,https://doi.org/10.1037/rep0000199,2018,1,Anna_Aleksandra_Banik_15,0,manual_checking,https://doi.org/10.1037/rep0000199
Dorota Balbina Bednarek,https://orcid.org/0000-0003-4777-2588,https://doi.org/10.36145/doc2020.19,2020,1,Dorota_Balbina_Bednarek_1,0,pdf_site,http://dyskursy.san.edu.pl/abs/Dyskursy-1407.pdf
Sylwia Bedyńska,https://orcid.org/0000-0001-8255-1946,https://doi.org/10.3389/fpsyg.2021.553964,2021,1,Sylwia_Bedyńska_1,0,text_scraping,https://www.frontiersin.org/articles/10.3389/fpsyg.2021.553964/full
Sylwia Bedyńska,https://orcid.org/0000-0001-8255-1946,https://doi.org/10.31648/pp.7838,2021-12-21,1,Sylwia_Bedyńska_2,0,pdf_site,https://czasopisma.uwm.edu.pl/index.php/pp/article/view/7838/6019
Sylwia Bedyńska,https://orcid.org/0000-0001-8255-1946,https://doi.org/10.2478/v1067-010-0159-2,2017,1,Sylwia_Bedyńska_9,0,manual_checking,https://doi.org/10.2478/v1067-010-0159-2
Wojciech Zygmunt Białaszek,https://orcid.org/0000-0002-4672-4376,https://doi.org/10.1186/s12992-021-00782-5,2021-12,1,Wojciech_Zygmunt_Białaszek_2,0,pdf_site,https://globalizationandhealth.biomedcentral.com/counter/pdf/10.1186/s12992-021-00782-5
Wojciech Zygmunt Białaszek,https://orcid.org/0000-0002-4672-4376,https://doi.org/10.3389/fpsyg.2021.656960,2021-06-29,1,Wojciech_Zygmunt_Białaszek_3,0,text_scraping,https://www.frontiersin.org/articles/10.3389/fpsyg.2021.656960/full
Wojciech Zygmunt Białaszek,https://orcid.org/0000-0002-4672-4376,https://doi.org/10.3389/fpsyg.2021.647975,2021-05-17,1,Wojciech_Zygmunt_Białaszek_4,0,text_scraping,https://www.frontiersin.org/articles/10.3389/fpsyg.2021.647975/full
Wojciech Zygmunt Białaszek,https://orcid.org/0000-0002-4672-4376,https://doi.org/10.1371/journal.pone.0233337,2020-05-22,1,Wojciech_Zygmunt_Białaszek_6,0,pdf_site,https://journals.plos.org/plosone/article/file?id=10.1371/journal.pone.0233337&type=printable
Wojciech Zygmunt Białaszek,https://orcid.org/0000-0002-4672-4376,https://doi.org/10.1515/ppb-2017-0060,2017,1,Wojciech_Zygmunt_Białaszek_11,0,slipped_through,https://doi.org/10.1515/ppb-2017-0060
Wojciech Zygmunt Białaszek,https://orcid.org/0000-0002-4672-4376,https://doi.org/10.1515/ppb-2017-0052,2017,1,Wojciech_Zygmunt_Białaszek_13,0,pdf_site,https://journals.pan.pl/dlibra/publication/120875/edition/105281/content
Olga Aleksandra Białobrzeska,https://orcid.org/0000-0002-0387-3187,https://doi.org/10.32872/spb.4683,2020-12-23,1,Olga_Aleksandra_Białobrzeska_1,0,pdf_site,https://spb.psychopen.eu/index.php/spb/article/view/4683/4683.pdf
Olga Aleksandra Białobrzeska,https://orcid.org/0000-0002-0387-3187,https://doi.org/10.1515/ppb-2017-0048,2017-09,1,Olga_Aleksandra_Białobrzeska_7,0,pdf_site,https://journals.pan.pl/dlibra/publication/120854/edition/105260/content
Maksymilian Adam Bielecki,https://orcid.org/0000-0002-2881-4976,https://doi.org/10.26444/aaem/131119,2020,1,Maksymilian_Adam_Bielecki_3,0,pdf_site,https://www.aaem.pl/pdf-131119-71120?filename=Injecting
Maksymilian Adam Bielecki,https://orcid.org/0000-0002-2881-4976,https://doi.org/10.12740/pp/onlinefirst/121980,2020-11,1,Maksymilian_Adam_Bielecki_5,0,pdf_site,https://www.psychiatriapolska.pl/pdf-121980-81781?filename=Psychiatric_
Maksymilian Adam Bielecki,https://orcid.org/0000-0002-2881-4976,https://doi.org/10.5603/cj.a2017.0059,2018,1,Maksymilian_Adam_Bielecki_10,0,pdf_site,https://journals.viamedica.pl/cardiology_journal/article/view/CJ.a2017.0059/38511
Maksymilian Adam Bielecki,https://orcid.org/0000-0002-2881-4976,https://doi.org/10.1002/hbm.24208,2018,1,Maksymilian_Adam_Bielecki_12,0,manual_checking,https://doi.org/10.1002/hbm.24208
Maksymilian Adam Bielecki,https://orcid.org/0000-0002-2881-4976,https://doi.org/10.18388/abp.2016_1436,2017,1,Maksymilian_Adam_Bielecki_17,0,manual_checking,https://doi.org/10.18388/abp.2016_1436
Maksymilian Adam Bielecki,https://orcid.org/0000-0002-2881-4976,https://doi.org/10.5603/fc.2019.0008,unrecovered,1,Maksymilian_Adam_Bielecki_18,0,manual_checking,https://doi.org/10.5603/fc.2019.0008
Monika Joanna Boberska,https://orcid.org/0000-0002-3685-3721,https://doi.org/10.1007/s10865-020-00138-1,2020-01-31,1,Monika_Joanna_Boberska_1,0,pdf_site,https://link.springer.com/content/pdf/10.1007/s10865-020-00138-1.pdf
Monika Joanna Boberska,https://orcid.org/0000-0002-3685-3721,https://doi.org/10.1037/hea0000799,2019-12,1,Monika_Joanna_Boberska_2,0,manual_checking,https://doi.org/10.1037/hea0000799
Konrad Maksymilian Bocian,https://orcid.org/0000-0002-8652-0167,https://doi.org/10.1371/journal.pone.0244429,2020-12-30,1,Konrad_Maksymilian_Bocian_3,0,slipped_through,https://doi.org/10.1371/journal.pone.0244429
Konrad Maksymilian Bocian,https://orcid.org/0000-0002-8652-0167,https://doi.org/10.5964/spb.v13i2.26062,2018-05,1,Konrad_Maksymilian_Bocian_6,0,pdf_site,https://spb.psychopen.eu/index.php/spb/article/view/2337/2337.pdf
Elwira Brygoła,https://orcid.org/0000-0002-6326-7760,https://doi.org/10.4467/20843879pr.19.004.10595,2019,1,Elwira_Brygoła_1,0,slipped_through,https://doi.org/10.4467/20843879pr.19.004.10595
Aneta Brzezicka,https://orcid.org/0000-0003-1950-4180,https://doi.org/10.7554/elife.60595,2021-05-26,1,Aneta_Brzezicka_2,0,pdf_download,https://elifesciences.org/download/aHR0cHM6Ly9jZG4uZWxpZmVzY2llbmNlcy5vcmcvYXJ0aWNsZXMvNjA1OTUvZWxpZmUtNjA1OTUtdjEucGRmP2Nhbm9uaWNhbFVyaT1odHRwczovL2VsaWZlc2NpZW5jZXMub3JnL2FydGljbGVzLzYwNTk1/elife-60595-v1.pdf?_hash=9uoUY0LuB83HQkPxlQ0i8Aiu1FzaDvH9pY4bxbQKT%2FY%3D
Aneta Brzezicka,https://orcid.org/0000-0003-1950-4180,https://sci-hub.se/10.3791/60804,2020,1,Aneta_Brzezicka_10,0,manual_checking,https://sci-hub.se/10.3791/60804
Aneta Brzezicka,https://orcid.org/0000-0003-1950-4180,https://sci-hub.se/10.1002/hbm.24208,2018,1,Aneta_Brzezicka_17,0,slipped_through,https://sci-hub.se/10.1002/hbm.24208
Aneta Brzezicka,https://orcid.org/0000-0003-1950-4180,https://sci-hub.se/10.21697/sp.2017.17.2.01,2017,1,Aneta_Brzezicka_21,0,manual_checking,https://sci-hub.se/10.21697/sp.2017.17.2.01
Jacek Marcin Buczny,https://orcid.org/0000-0002-4932-196X,https://doi.org/10.3389/fpsyg.2021.651759,2021-05-21,1,Jacek_Marcin_Buczny_4,0,slipped_through,https://doi.org/10.3389/fpsyg.2021.651759
Katarzyna Byrka,https://orcid.org/0000-0003-4220-4063,https://doi.org/10.1038/s41598-021-02036-1,2021-12,1,Katarzyna_Byrka_2,0,pdf_site,https://www.nature.com/articles/s41598-021-02036-1.pdf
Katarzyna Byrka,https://orcid.org/0000-0003-4220-4063,https://doi.org/10.1037/mot0000245,2021-10-25,1,Katarzyna_Byrka_3,0,manual_checking,https://doi.org/10.1037/mot0000245
Katarzyna Byrka,https://orcid.org/0000-0003-4220-4063,https://doi.org/10.3389/fpsyg.2019.02701,2019,1,Katarzyna_Byrka_11,0,text_scraping,https://www.frontiersin.org/articles/10.3389/fpsyg.2019.02701/full
Katarzyna Byrka,https://orcid.org/0000-0003-4220-4063,https://sci-hub.se/10.32872/spb.v14i2.37842,2019,1,Katarzyna_Byrka_12,0,manual_checking,https://sci-hub.se/10.32872/spb.v14i2.37842
Katarzyna Byrka,https://orcid.org/0000-0003-4220-4063,https://sci-hub.se/10.32872/spb.v14i1.25804,2019,1,Katarzyna_Byrka_13,0,manual_checking,https://sci-hub.se/10.32872/spb.v14i1.25804
Katarzyna Byrka,https://orcid.org/0000-0003-4220-4063,https://sci-hub.se/10.5114/hpr.2018.77804,2018,1,Katarzyna_Byrka_15,0,slipped_through,https://sci-hub.se/10.5114/hpr.2018.77804
Katarzyna Byrka,https://orcid.org/0000-0003-4220-4063,https://sci-hub.se/10.3389/fpsyg.2019.02701,unrecovered,1,Katarzyna_Byrka_21,0,slipped_through,https://sci-hub.se/10.3389/fpsyg.2019.02701
Katarzyna Cantarero,https://orcid.org/0000-0003-2720-484X,https://doi.org/10.1515/ppb-2017-0036,2017,1,Katarzyna_Cantarero_10,0,pdf_site,https://journals.pan.pl/dlibra/publication/116336/edition/101102/content
Agata Chudzicka-Czupała,https://orcid.org/0000-0002-6517-5018,https://doi.org/10.1371/journal.pone.0253145,2021-07-01,1,Agata_Chudzicka-Czupała_3,0,pdf_site,https://journals.plos.org/plosone/article/file?id=10.1371/journal.pone.0253145&type=printable
Agata Chudzicka-Czupała,https://orcid.org/0000-0002-6517-5018,https://doi.org/10.1371/journal.pone.0243056,2020,1,Agata_Chudzicka-Czupała_5,0,slipped_through,https://doi.org/10.1371/journal.pone.0243056
Agata Chudzicka-Czupała,https://orcid.org/0000-0002-6517-5018,https://doi.org/10.13075/ijomeh.1896.01406,2019,1,Agata_Chudzicka-Czupała_7,0,pdf_site,http://ijomeh.eu/pdf-109207-41034?filename=The
Agata Chudzicka-Czupała,https://orcid.org/0000-0002-6517-5018,https://doi.org/10.13075/mp.5893.00800,2019,1,Agata_Chudzicka-Czupała_8,0,pdf_site,http://medpr.imp.lodz.pl/pdf-99807-40367?filename=Work
Agata Chudzicka-Czupała,https://orcid.org/0000-0002-6517-5018,https://doi.org/10.13075/mp.5893.00664,2018,1,Agata_Chudzicka-Czupała_10,0,pdf_site,http://medpr.imp.lodz.pl/pdf-79842-20381?filename=Assessment
Agata Chudzicka-Czupała,https://orcid.org/0000-0002-6517-5018,https://doi.org/10.14691/cppj.24.3.539,2018,1,Agata_Chudzicka-Czupała_12,0,pdf_site,http://czasopismopsychologiczne.pl/files/articles/2018-24-etyka-pracy-a-motywacja-osigni.pdf
Agata Chudzicka-Czupała,https://orcid.org/0000-0002-6517-5018,https://sci-hub.se/10.26417/ejes.v4i2.p35-40,2018,1,Agata_Chudzicka-Czupała_13,0,manual_checking,https://sci-hub.se/10.26417/ejes.v4i2.p35-40
Agata Chudzicka-Czupała,https://orcid.org/0000-0002-6517-5018,https://doi.org/10.14691/cppj.24.1.201,2018,1,Agata_Chudzicka-Czupała_14,0,manual_checking,https://doi.org/10.14691/cppj.24.1.201
Agata Chudzicka-Czupała,https://orcid.org/0000-0002-6517-5018,https://doi.org/10.14691/cppj.24.3.573,2018,1,Agata_Chudzicka-Czupała_15,0,pdf_site,http://czasopismopsychologiczne.pl/files/articles/2018-24-wybrane-korelaty-dobrostanu-psychicznego-kandydatw-na-asystentw-zdrowienia.pdf
Agata Chudzicka-Czupała,https://orcid.org/0000-0002-6517-5018,https://doi.org/10.2478/ejes-2018-0053,2018-08-01,1,Agata_Chudzicka-Czupała_16,0,pdf_site,https://revistia.com/index.php/ejes/article/view/5462/5315
Agata Chudzicka-Czupała,https://orcid.org/0000-0002-6517-5018,https://doi.org/10.26417/ejes.v4i2.p35-40,2018-07,1,Agata_Chudzicka-Czupała_17,0,pdf_site,https://revistia.com/index.php/ejes/article/view/5445/5298
Agata Chudzicka-Czupała,https://orcid.org/0000-0002-6517-5018,https://doi.org/10.14656/pfp20170304,2017,1,Agata_Chudzicka-Czupała_20,0,manual_checking,https://doi.org/10.14656/pfp20170304
Agata Chudzicka-Czupała,https://orcid.org/0000-0002-6517-5018,https://doi.org/10.13075/mp.5893.00640,2017-11-24,1,Agata_Chudzicka-Czupała_21,0,pdf_site,http://medpr.imp.lodz.pl/pdf-76874-16726?filename=Assessment
Roman Sławomir Cieślak,https://orcid.org/0000-0002-2413-5343,https://doi.org/10.2196/32007,2021-12-06,1,Roman_Sławomir_Cieślak_1,0,pdf_site,https://mental.jmir.org/2021/12/e32007/PDF
Roman Sławomir Cieślak,https://orcid.org/0000-0002-2413-5343,https://doi.org/10.2196/21445,2021-01-11,1,Roman_Sławomir_Cieślak_2,0,pdf_site,https://www.jmir.org/2021/1/e21445/PDF
Roman Sławomir Cieślak,https://orcid.org/0000-0002-2413-5343,https://doi.org/10.13075/mp.5893.00822,2019,1,Roman_Sławomir_Cieślak_4,0,pdf_site,http://medpr.imp.lodz.pl/pdf-103644-41047?filename=A
Roman Sławomir Cieślak,https://orcid.org/0000-0002-2413-5343,https://doi.org/10.1080/10615806.2017.1329932,2017,1,Roman_Sławomir_Cieślak_8,0,manual_checking,https://doi.org/10.1080/10615806.2017.1329932
Roman Sławomir Cieślak,https://orcid.org/0000-0002-2413-5343,https://doi.org/10.13075/ijomeh.1896.01134,2017-10-09,1,Roman_Sławomir_Cieślak_9,0,pdf_site,http://ijomeh.eu/pdf-68419-15819?filename=How
Aleksandra Katarzyna Cisłak-Wójcik,https://orcid.org/0000-0002-9880-6947,https://doi.org/10.1177/01461672211054947,2021-12-07,1,Aleksandra_Katarzyna_Cisłak-Wójcik_2,0,slipped_through,https://doi.org/10.1177/01461672211054947
Aleksandra Katarzyna Cisłak-Wójcik,https://orcid.org/0000-0002-9880-6947,https://doi.org/10.1111/bjso.12499,2021-09-17,1,Aleksandra_Katarzyna_Cisłak-Wójcik_3,0,manual_checking,https://doi.org/10.1111/bjso.12499
Aleksandra Katarzyna Cisłak-Wójcik,https://orcid.org/0000-0002-9880-6947,https://doi.org/10.1177/1368430220959451,2021-08,1,Aleksandra_Katarzyna_Cisłak-Wójcik_4,0,slipped_through,https://doi.org/10.1177/1368430220959451
Marzena Aneta Cypryańska-Nezlek,https://orcid.org/0000-0001-9234-5628,https://doi.org/10.1037/pspp0000260,2020,1,Marzena_Aneta_Cypryańska-Nezlek_3,0,slipped_through,https://doi.org/10.1037/pspp0000260
Marzena Aneta Cypryańska-Nezlek,https://orcid.org/0000-0001-9234-5628,https://doi.org/10.1371/journal.pone.0241464,2020-10-30,1,Marzena_Aneta_Cypryańska-Nezlek_4,0,pdf_site,https://journals.plos.org/plosone/article/file?id=10.1371/journal.pone.0241464&type=printable
Marzena Aneta Cypryańska-Nezlek,https://orcid.org/0000-0001-9234-5628,https://doi.org/10.24425/119483,2018,1,Marzena_Aneta_Cypryańska-Nezlek_8,0,pdf_site,https://journals.pan.pl/dlibra/publication/119483/edition/103954/content
Marzena Aneta Cypryańska-Nezlek,https://orcid.org/0000-0001-9234-5628,https://sci-hub.se/10.15503/jecs20181.99.108,2018-06-27,1,Marzena_Aneta_Cypryańska-Nezlek_10,0,slipped_through,https://sci-hub.se/10.15503/jecs20181.99.108
Marzena Aneta Cypryańska-Nezlek,https://orcid.org/0000-0001-9234-5628,https://doi.org/10.5964/spb.v13i1.25501,2018-04-11,1,Marzena_Aneta_Cypryańska-Nezlek_11,0,pdf_site,https://spb.psychopen.eu/index.php/spb/article/view/2423/2423.pdf
Agnieszka Czerw,https://orcid.org/0000-0002-0074-3264,https://doi.org/10.24425/ppb.2020.133773,2020,1,Agnieszka_Czerw_1,0,pdf_site,https://journals.pan.pl/dlibra/publication/133773/edition/116892/content
Agnieszka Czerw,https://orcid.org/0000-0002-0074-3264,https://doi.org/10.32872/spb.v14i1.30207,2019-05-15,1,Agnieszka_Czerw_2,0,pdf_site,https://spb.psychopen.eu/index.php/spb/article/view/2505/2505.pdf
Agnieszka Czerw,https://orcid.org/0000-0002-0074-3264,https://doi.org/10.1515/ppb-2017-0025,2017,1,Agnieszka_Czerw_4,0,pdf_site,https://journals.pan.pl/dlibra/publication/116325/edition/101091/content
Agnieszka Czerw,https://orcid.org/0000-0002-0074-3264,https://doi.org/10.13075/mp.5893.00528,2017,1,Agnieszka_Czerw_5,0,pdf_site,http://medpr.imp.lodz.pl/pdf-69019-14669?filename=Dimensions
Agnieszka Czerw,https://orcid.org/0000-0002-0074-3264,https://doi.org/10.1515/ppb-2017-0017,2017,1,Agnieszka_Czerw_7,0,pdf_site,https://journals.pan.pl/dlibra/publication/116317/edition/101083/content
Karolina Dukała,https://orcid.org/0000-0001-9564-3102,https://doi.org/10.7494/human.2019.18.4.31,2019,1,Karolina_Dukała_3,0,pdf_site,https://journals.bg.agh.edu.pl/STUDIA/2019.18.4/human.2019.18.4.31.pdf
Anna Ewa Duszyk-Bogorodzka,https://orcid.org/0000-0002-5984-2339,https://sci-hub.se/10.21307/ane-2019-039,2019-01-01,1,Anna_Ewa_Duszyk-Bogorodzka_3,0,manual_checking,https://sci-hub.se/10.21307/ane-2019-039
Maciej Andrzej Dymkowski,https://orcid.org/0000-0001-9611-3891,https://doi.org/10.24425/hsm.2019.130583,2019,1,Maciej_Andrzej_Dymkowski_1,0,pdf_site,https://journals.pan.pl/dlibra/publication/130583/edition/114036/content
Maciej Andrzej Dymkowski,https://orcid.org/0000-0001-9611-3891,https://doi.org/10.14691/cppj.24.1.37,2018,1,Maciej_Andrzej_Dymkowski_2,0,manual_checking,https://doi.org/10.14691/cppj.24.1.37
Andrzej Falkowski,https://orcid.org/0000-0001-5919-1110,https://sci-hub.se/10.5406/amerjpsyc.134.1.0001,2021,1,Andrzej_Falkowski_2,0,manual_checking,https://sci-hub.se/10.5406/amerjpsyc.134.1.0001
Andrzej Falkowski,https://orcid.org/0000-0001-5919-1110,https://doi.org/10.1007/s12144-021-02168-7,2021-08-07,1,Andrzej_Falkowski_3,0,pdf_site,https://link.springer.com/content/pdf/10.1007/s12144-021-02168-7.pdf
Andrzej Falkowski,https://orcid.org/0000-0001-5919-1110,https://doi.org/10.33226/1231-7853.2019.6.1,2019,1,Andrzej_Falkowski_7,0,pdf_site,https://www.pwe.com.pl/files/MiR_6_2019/1276809751/lib/MiR_2019_06_01_Falkowski_Slupicka.pdf
Andrzej Falkowski,https://orcid.org/0000-0001-5919-1110,https://doi.org/10.7206/dec.1733-0092.127,2019,1,Andrzej_Falkowski_8,0,manual_checking,https://doi.org/10.7206/dec.1733-0092.127
Andrzej Falkowski,https://orcid.org/0000-0001-5919-1110,https://doi.org/10.5406/amerjpsyc.131.2.0151,2018,1,Andrzej_Falkowski_9,0,manual_checking,https://doi.org/10.5406/amerjpsyc.131.2.0151
Magdalena Maria Formanowicz,https://orcid.org/0000-0001-5859-7100,https://doi.org/10.1177/0261927x211044789,2021-10-27,1,Magdalena_Maria_Formanowicz_1,0,slipped_through,https://doi.org/10.1177/0261927x211044789
Magdalena Maria Formanowicz,https://orcid.org/0000-0001-5859-7100,https://doi.org/10.32872/spb.5337,2021-03-30,1,Magdalena_Maria_Formanowicz_2,0,pdf_site,https://spb.psychopen.eu/index.php/spb/article/view/5337/5337.pdf
Magdalena Maria Formanowicz,https://orcid.org/0000-0001-5859-7100,https://doi.org/10.1027/1864-9335/a000435,2020,1,Magdalena_Maria_Formanowicz_3,0,slipped_through,https://doi.org/10.1027/1864-9335/a000435
Magdalena Maria Formanowicz,https://orcid.org/0000-0001-5859-7100,https://doi.org/10.1177/1948550619893957,2020,1,Magdalena_Maria_Formanowicz_7,0,slipped_through,https://doi.org/10.1177/1948550619893957
Magdalena Maria Formanowicz,https://orcid.org/0000-0001-5859-7100,https://doi.org/10.1027/1864-9335/a000319,2017,1,Magdalena_Maria_Formanowicz_11,0,manual_checking,https://doi.org/10.1027/1864-9335/a000319
Magdalena Maria Formanowicz,https://orcid.org/0000-0001-5859-7100,https://doi.org/10.1515/ppb-2017-0010,2017,1,Magdalena_Maria_Formanowicz_12,0,pdf_site,https://journals.pan.pl/dlibra/publication/116309/edition/101076/content
Natalia Frankowska,https://orcid.org/0000-0001-9487-0629,https://doi.org/10.3389/fpsyg.2021.647881,2021-05-17,1,Natalia_Frankowska_1,0,text_scraping,https://www.frontiersin.org/articles/10.3389/fpsyg.2021.647881/full
Natalia Frankowska,https://orcid.org/0000-0001-9487-0629,https://doi.org/10.1525/collabra.165,2018,1,Natalia_Frankowska_4,0,pdf_site,https://online.ucpress.edu/collabra/article-pdf/4/1/37/468358/165-2479-3-pb.pdf
Natalia Frankowska,https://orcid.org/0000-0001-9487-0629,https://doi.org/10.7366/1896180020174007,2017,1,Natalia_Frankowska_5,0,manual_checking,https://doi.org/10.7366/1896180020174007
Anna Gabińska,https://orcid.org/0000-0002-4379-9495,https://doi.org/10.1177/20592043211057217,2021-01,1,Anna_Gabińska_1,0,pdf_site,/doi/suppl/10.1177/20592043211057217/suppl_file/sj-pdf-2-mns-10.1177_20592043211057217.pdf
Anna Gabińska,https://orcid.org/0000-0002-4379-9495,https://doi.org/10.26766/pmgp.v2i4.73,2017,1,Anna_Gabińska_2,0,pdf_site,https://e-medjournal.com/index.php/psp/article/view/73/182
Małgorzata Gamian-Wilk,https://orcid.org/0000-0002-6095-5269,https://doi.org/10.34862/fo.2020.1.5,2020,1,Małgorzata_Gamian-Wilk_1,0,slipped_through,https://doi.org/10.34862/fo.2020.1.5
Małgorzata Gamian-Wilk,https://orcid.org/0000-0002-6095-5269,https://doi.org/10.5604/01.3001.0014.2645,2020,1,Małgorzata_Gamian-Wilk_2,0,pdf_site,https://e-psychologiawychowawcza.pl/gicid/pdf/01.3001.0014.2645
Małgorzata Gamian-Wilk,https://orcid.org/0000-0002-6095-5269,https://doi.org/10.34862/fo.2020.2.3,2020,1,Małgorzata_Gamian-Wilk_4,0,pdf_site,https://forumoswiatowe.pl/index.php/czasopismo/article/view/729/504
Małgorzata Gamian-Wilk,https://orcid.org/0000-0002-6095-5269,https://doi.org/10.24425/ppb.2019.130696,2019,1,Małgorzata_Gamian-Wilk_5,0,pdf_site,https://journals.pan.pl/dlibra/publication/130696/edition/114136/content
Małgorzata Gamian-Wilk,https://orcid.org/0000-0002-6095-5269,https://doi.org/10.4467/20843879pr.18.009.8943,2018,1,Małgorzata_Gamian-Wilk_7,0,slipped_through,https://doi.org/10.4467/20843879pr.18.009.8943
Małgorzata Gamian-Wilk,https://orcid.org/0000-0002-6095-5269,https://doi.org/10.15611/pn.2018.512.13,2018,1,Małgorzata_Gamian-Wilk_8,0,slipped_through,https://doi.org/10.15611/pn.2018.512.13
Małgorzata Gamian-Wilk,https://orcid.org/0000-0002-6095-5269,https://doi.org/10.4467/20843879pr.18.013.9354,2018,1,Małgorzata_Gamian-Wilk_10,0,slipped_through,https://doi.org/10.4467/20843879pr.18.013.9354
Małgorzata Gamian-Wilk,https://orcid.org/0000-0002-6095-5269,https://doi.org/10.7366/1896180020174002,2017,1,Małgorzata_Gamian-Wilk_11,0,manual_checking,https://doi.org/10.7366/1896180020174002
Małgorzata Gamian-Wilk,https://orcid.org/0000-0002-6095-5269,https://doi.org/10.5604/01.3001.0010.5512,2017,1,Małgorzata_Gamian-Wilk_17,0,manual_checking,https://doi.org/10.5604/01.3001.0010.5512
Magdalena Agnieszka Gąsiorowska,https://orcid.org/0000-0003-3798-9265,https://doi.org/10.15678/pjoep.2017.11.02,2017,1,Magdalena_Agnieszka_Gąsiorowska_1,0,manual_checking,https://doi.org/10.15678/pjoep.2017.11.02
Agata Dorota Gąsiorowska,https://orcid.org/0000-0002-3354-1095,https://doi.org/10.3389/fpsyg.2021.635973,2021-08-19,1,Agata_Dorota_Gąsiorowska_1,0,text_scraping,https://www.frontiersin.org/articles/10.3389/fpsyg.2021.635973/full
Agata Dorota Gąsiorowska,https://orcid.org/0000-0002-3354-1095,https://doi.org/10.1037/xap0000308,2021-03-29,1,Agata_Dorota_Gąsiorowska_3,0,manual_checking,https://doi.org/10.1037/xap0000308
Agata Dorota Gąsiorowska,https://orcid.org/0000-0002-3354-1095,https://doi.org/10.1037/pspi0000246,2021-02-20,1,Agata_Dorota_Gąsiorowska_4,0,manual_checking,https://doi.org/10.1037/pspi0000246
Agata Dorota Gąsiorowska,https://orcid.org/0000-0002-3354-1095,https://doi.org/10.24425/ppb.2019.126026,2019,1,Agata_Dorota_Gąsiorowska_6,0,pdf_site,https://journals.pan.pl/dlibra/publication/126026/edition/109957/content
Agata Dorota Gąsiorowska,https://orcid.org/0000-0002-3354-1095,https://doi.org/10.1037/pas0000745,2019-07-01,1,Agata_Dorota_Gąsiorowska_7,0,manual_checking,https://doi.org/10.1037/pas0000745
Agata Dorota Gąsiorowska,https://orcid.org/0000-0002-3354-1095,https://doi.org/10.15678/pjoep.2017.11.03,2017,1,Agata_Dorota_Gąsiorowska_10,0,manual_checking,https://doi.org/10.15678/pjoep.2017.11.03
Agata Dorota Gąsiorowska,https://orcid.org/0000-0002-3354-1095,https://doi.org/10.15678/pjoep.2017.11.04,2017,1,Agata_Dorota_Gąsiorowska_11,0,manual_checking,https://doi.org/10.15678/pjoep.2017.11.04
Józef Gierowski,https://orcid.org/0000-0002-7497-1876,https://doi.org/10.12740/pp/116908,2021,1,Józef_Gierowski_1,0,pdf_site,https://www.psychiatriapolska.pl/pdf-116908-81691?filename=High
Józef Gierowski,https://orcid.org/0000-0002-7497-1876,https://doi.org/10.12740/pp/104715,2019,1,Józef_Gierowski_2,0,pdf_site,https://www.psychiatriapolska.pl/pdf-104715-81528?filename=An
Józef Gierowski,https://orcid.org/0000-0002-7497-1876,https://doi.org/10.12740/app/100435,2019,1,Józef_Gierowski_3,0,slipped_through,https://doi.org/10.12740/app/100435
Józef Gierowski,https://orcid.org/0000-0002-7497-1876,https://doi.org/10.14656/pfp20190105,2019,1,Józef_Gierowski_4,0,pdf_download,https://pfp.ukw.edu.pl/archive/article/415/pastuszak_temperamentalne_predyktory/abstract.pdf
Józef Gierowski,https://orcid.org/0000-0002-7497-1876,https://doi.org/10.12740/app/80161,2017,1,Józef_Gierowski_11,0,slipped_through,https://doi.org/10.12740/app/80161
Józef Gierowski,https://orcid.org/0000-0002-7497-1876,https://doi.org/10.12740/app/78497,2017,1,Józef_Gierowski_12,0,slipped_through,https://doi.org/10.12740/app/78497
Agnieszka Monika Golec,https://orcid.org/0000-0002-7631-9486,https://doi.org/10.1037/cdp0000509,2021-12-09,1,Agnieszka_Monika_Golec_1,0,manual_checking,https://doi.org/10.1037/cdp0000509
Agnieszka Monika Golec,https://orcid.org/0000-0002-7631-9486,https://doi.org/10.1037/sgd0000446,2021-06-03,1,Agnieszka_Monika_Golec_5,0,manual_checking,https://doi.org/10.1037/sgd0000446
Agnieszka Monika Golec,https://orcid.org/0000-0002-7631-9486,https://doi.org/10.1111/bjso.12367,2020-02-11,1,Agnieszka_Monika_Golec_8,0,manual_checking,https://doi.org/10.1111/bjso.12367
Anna Maria Grabowska,https://orcid.org/0000-0003-2156-350X,https://doi.org/10.1371/journal.pone.0176591,2017,1,Anna_Maria_Grabowska_5,0,manual_checking,https://doi.org/10.1371/journal.pone.0176591
Damian Wojciech Grabowski,https://orcid.org/0000-0001-8589-4135,https://doi.org/10.29119/1641-3466.2017.106.17,2017,1,Damian_Wojciech_Grabowski_4,0,pdf_site,"https://www-arch.polsl.pl/wydzialy/ROZ/ZN/Documents/z%20106/17%20Rachwaniec-Szczecin%cc%81ska,%20Grabowski.pdf"
Damian Wojciech Grabowski,https://orcid.org/0000-0001-8589-4135,https://doi.org/10.18290/rpsych.2017.20.1-6en,2017,1,Damian_Wojciech_Grabowski_5,0,manual_checking,https://doi.org/10.18290/rpsych.2017.20.1-6en
Damian Wojciech Grabowski,https://orcid.org/0000-0001-8589-4135,https://doi.org/10.15678/eber.2017.050202,2017,1,Damian_Wojciech_Grabowski_6,0,slipped_through,https://doi.org/10.15678/eber.2017.050202
Damian Wojciech Grabowski,https://orcid.org/0000-0001-8589-4135,https://doi.org/10.18290/rpsych.2017.20.1-6pl,2017,1,Damian_Wojciech_Grabowski_7,0,manual_checking,https://doi.org/10.18290/rpsych.2017.20.1-6pl
Alicja Magdalena Grochowska,https://orcid.org/0000-0002-7104-5738,https://doi.org/10.15678/pjoep.2017.12.03,2017,1,Alicja_Magdalena_Grochowska_1,0,manual_checking,https://doi.org/10.15678/pjoep.2017.12.03
Katarzyna Growiec,https://orcid.org/0000-0002-4448-2561,https://sci-hub.se/10.1073/pnas.2023846118,2021-08-23,1,Katarzyna_Growiec_1,0,manual_checking,https://sci-hub.se/10.1073/pnas.2023846118
Katarzyna Growiec,https://orcid.org/0000-0002-4448-2561,https://doi.org/10.18564/jasss.4178,2020,1,Katarzyna_Growiec_3,0,text_scraping,https://www.jasss.org/23/2/8.html
Daniela Maria Hekiert,https://orcid.org/0000-0002-6108-993X,https://doi.org/10.18290/rpsych.2019.22.1-2,2019,1,Daniela_Maria_Hekiert_1,0,slipped_through,https://doi.org/10.18290/rpsych.2019.22.1-2
Anna Maria Hełka,https://orcid.org/0000-0002-3242-2553,https://sci-hub.se/10.35808/ersj/2012,2021-02-27,1,Anna_Maria_Hełka_1,0,manual_checking,https://sci-hub.se/10.35808/ersj/2012
Irena Iskra-Golec,https://orcid.org/0000-0002-7236-4394,https://doi.org/10.13075/ijomeh.1896.00670,2017,1,Irena_Iskra-Golec_4,0,pdf_site,http://ijomeh.eu/pdf-61336-7141?filename=Shift
Magdalena Zyta Jabłońska,https://orcid.org/0000-0003-4802-2842,https://doi.org/10.5406/amerjpsyc.134.1.0001,2021,1,Magdalena_Zyta_Jabłońska_1,0,manual_checking,https://doi.org/10.5406/amerjpsyc.134.1.0001
Magdalena Zyta Jabłońska,https://orcid.org/0000-0003-4802-2842,https://doi.org/10.4467/24498939ijcm.16.022.6703,2017,1,Magdalena_Zyta_Jabłońska_2,0,pdf_download,https://www.ejournals.eu/pliki/art/9345/
Marta Jackowska,https://orcid.org/0000-0002-2930-0483,https://doi.org/10.1037/amp0000666,2020-09-24,1,Marta_Jackowska_1,0,manual_checking,https://doi.org/10.1037/amp0000666
Kamila Anna Jankowiak-Siuda,https://orcid.org/0000-0002-0210-2487,https://doi.org/10.12740/pp/64270,2017,1,Kamila_Anna_Jankowiak-Siuda_6,0,pdf_site,https://www.psychiatriapolska.pl/pdf-64270-81392?filename=Psychometric
Dorota Juszczyk,https://orcid.org/0000-0003-2187-8085,https://doi.org/10.3310/hta25120,2021,1,Dorota_Juszczyk_1,0,pdf_download,https://njl-admin.nihr.ac.uk/document/download/2036030
Dorota Juszczyk,https://orcid.org/0000-0003-2187-8085,https://doi.org/10.3310/hta23110,2019,1,Dorota_Juszczyk_4,0,pdf_download,https://njl-admin.nihr.ac.uk/document/download/2028726
Joanna Kabzińska,https://orcid.org/0000-0002-2135-8699,https://sci-hub.se/10.5604/01.3001.0013.6690,2019,1,Joanna_Kabzińska_1,0,manual_checking,https://sci-hub.se/10.5604/01.3001.0013.6690
Joanna Kabzińska,https://orcid.org/0000-0002-2135-8699,https://doi.org/10.7420/ak2018a,2018,1,Joanna_Kabzińska_4,0,slipped_through,https://doi.org/10.7420/ak2018a
Radosław Patrycjusz Kaczan,https://orcid.org/0000-0002-2307-3216,https://doi.org/10.31648/pp.7840,2021-12-21,1,Radosław_Patrycjusz_Kaczan_1,0,pdf_site,https://czasopisma.uwm.edu.pl/index.php/pp/article/view/7840/6020
Anna Maria Kamza,https://orcid.org/0000-0002-0403-8079,https://doi.org/10.17239/l1esll-2017.17.04.04,2017-09,1,Anna_Maria_Kamza_5,0,pdf_site,https://l1research.org/article/view/105/103
Aleksandra Anna Kołodziej,https://orcid.org/0000-0002-6042-8215,https://doi.org/10.12740/pp/onlinefirst/61414,2017-02-26,1,Aleksandra_Anna_Kołodziej_2,0,pdf_site,https://www.psychiatriapolska.pl/pdf-61414-81345?filename=Polish
Monika Kornacka,https://orcid.org/0000-0003-2737-9236,https://doi.org/10.2147/ijwh.s294216,2021-06,1,Monika_Kornacka_1,0,pdf_site,https://www.dovepress.com/getfile.php?fileID=70576
Monika Kornacka,https://orcid.org/0000-0003-2737-9236,https://doi.org/10.12740/pp/80301,2017-12,1,Monika_Kornacka_8,0,pdf_site,https://www.psychiatriapolska.pl/pdf-80301-81427?filename=Report
Maciej Kościelniak,https://orcid.org/0000-0003-3452-864X,https://doi.org/10.1371/journal.pone.0255491,2021-09-15,1,Maciej_Kościelniak_1,0,pdf_site,https://journals.plos.org/plosone/article/file?id=10.1371/journal.pone.0255491&type=printable
Maciej Kościelniak,https://orcid.org/0000-0003-3452-864X,https://doi.org/10.1016/j.jrp.2021.104144,2021-08,1,Maciej_Kościelniak_2,0,slipped_through,https://doi.org/10.1016/j.jrp.2021.104144
Maciej Kościelniak,https://orcid.org/0000-0003-3452-864X,https://doi.org/10.7206/dec.1733-0092.123,2019,1,Maciej_Kościelniak_3,0,slipped_through,https://doi.org/10.7206/dec.1733-0092.123
Maciej Kościelniak,https://orcid.org/0000-0003-3452-864X,https://doi.org/10.24425/119482,2018,1,Maciej_Kościelniak_5,0,pdf_site,https://journals.pan.pl/dlibra/publication/119482/edition/103953/content
Maciej Kościelniak,https://orcid.org/0000-0003-3452-864X,https://doi.org/10.7366/1896180020174202,2017,1,Maciej_Kościelniak_7,0,manual_checking,https://doi.org/10.7366/1896180020174202
Natalia Kowalczyk-Grębska,https://orcid.org/0000-0002-2294-5529,https://doi.org/10.1556/2006.2021.00002,2021-02-10,1,Natalia_Kowalczyk-Grębska_1,0,pdf_site,/fileasset/author-guidelines/JBA_IfA.pdf
Natalia Kowalczyk-Grębska,https://orcid.org/0000-0002-2294-5529,https://doi.org/10.36921/kos.2020_2626,2020-04-11,1,Natalia_Kowalczyk-Grębska_3,0,pdf_download,https://kosmos.ptpk.org/index.php/Kosmos/article/download/2626/2589
Agata Kozłowska,https://orcid.org/0000-0002-4813-5233,https://doi.org/10.31648/pp.7321,2021-12-22,1,Agata_Kozłowska_1,0,pdf_site,https://czasopisma.uwm.edu.pl/index.php/pp/article/view/7321/5610
Agata Kozłowska,https://orcid.org/0000-0002-4813-5233,https://doi.org/10.2478/anre-2021-0011,2021-06-30,1,Agata_Kozłowska_2,0,pdf_download,https://czasopisma.uni.lodz.pl/ar/article/view/12259/11851
Izabela Krejtz,https://orcid.org/0000-0002-9827-8371,https://doi.org/10.1007/s12144-021-02305-2,2021-09-23,1,Izabela_Krejtz_1,0,slipped_through,https://doi.org/10.1007/s12144-021-02305-2
Aleksandra Karolina Kroemeke,https://orcid.org/0000-0001-8707-742X,https://doi.org/10.1186/s12877-020-01952-7,2021-01,1,Aleksandra_Karolina_Kroemeke_1,0,pdf_site,//bmcgeriatr.biomedcentral.com/counter/pdf/10.1186/s12877-020-01952-7.pdf
Aleksandra Karolina Kroemeke,https://orcid.org/0000-0001-8707-742X,https://doi.org/10.1037/ccp0000398,2019-04,1,Aleksandra_Karolina_Kroemeke_7,0,manual_checking,https://doi.org/10.1037/ccp0000398
Aleksandra Karolina Kroemeke,https://orcid.org/0000-0001-8707-742X,https://doi.org/10.1515/ppb-2017-0039,2017,1,Aleksandra_Karolina_Kroemeke_15,0,pdf_site,https://journals.pan.pl/dlibra/publication/120859/edition/105265/content
Katarzyna Anna Kuć,https://orcid.org/0000-0002-1474-8410,https://doi.org/10.1089/cap.2020.0075,2021-01,1,Katarzyna_Anna_Kuć_1,0,text_scraping,https://www.liebertpub.com/doi/10.1089/cap.2020.0075
Wojciech Marek Kulesza,https://orcid.org/0000-0001-5457-6396,https://doi.org/10.3390/su132212562,2021-11,1,Wojciech_Marek_Kulesza_1,0,pdf_download,https://www.mdpi.com/2071-1050/13/22/12562/pdf?version=1637546755
Wojciech Marek Kulesza,https://orcid.org/0000-0001-5457-6396,https://doi.org/10.1027/2151-2604/a000451,2021-09,1,Wojciech_Marek_Kulesza_2,0,slipped_through,https://doi.org/10.1027/2151-2604/a000451
Wojciech Marek Kulesza,https://orcid.org/0000-0001-5457-6396,https://doi.org/10.24425/ppb.2020.132650,2020,1,Wojciech_Marek_Kulesza_3,0,pdf_site,https://journals.pan.pl/dlibra/publication/132650/edition/115906/content
Wojciech Marek Kulesza,https://orcid.org/0000-0001-5457-6396,https://doi.org/10.32872%2Fspb.v13i4.25660,2018-12-23,1,Wojciech_Marek_Kulesza_7,0,pdf_site,https://spb.psychopen.eu/index.php/spb/article/view/2479/2479.pdf
Wojciech Marek Kulesza,https://orcid.org/0000-0001-5457-6396,https://doi.org/10.7366%2F1896180020174006,2017,1,Wojciech_Marek_Kulesza_9,0,manual_checking,https://doi.org/10.7366%2F1896180020174006
Jakub Michał Kuś,https://orcid.org/0000-0001-6305-8080,https://doi.org/10.3389/fpsyg.2021.624649,2021,1,Jakub_Michał_Kuś_1,0,text_scraping,https://www.frontiersin.org/articles/10.3389/fpsyg.2021.624649/full
Joanna Maria Kwaśniewska,https://orcid.org/0000-0001-5187-649X,https://doi.org/10.1515/ctra-2017-0007,2017-07-23,1,Joanna_Maria_Kwaśniewska_2,0,pdf_download,https://sciendo.com/pdf/10.1515/ctra-2017-0007
Maria Lis-Turlejska,https://orcid.org/0000-0002-7418-8566,https://sci-hub.se/10.12740/pp/onlinefirst/122501,2020,1,Maria_Lis-Turlejska_3,0,manual_checking,https://sci-hub.se/10.12740/pp/onlinefirst/122501
Maria Lis-Turlejska,https://orcid.org/0000-0002-7418-8566,https://doi.org/10.12740/pp/onlinefirst/69218,2018,1,Maria_Lis-Turlejska_5,0,pdf_site,https://www.psychiatriapolska.pl/pdf-69218-81466?filename=The
Robert Jacek Mackiewicz,https://orcid.org/0000-0002-2990-2337,https://doi.org/10.3758/s13423-021-01977-y,2021,1,Robert_Jacek_Mackiewicz_1,0,pdf_site,https://link.springer.com/content/pdf/10.3758/s13423-021-01977-y.pdf
Konrad Piotr Maj,http://orcid.org/0000-0002-9605-4251,https://doi.org/10.17504/protocols.io.bau3ieyn,2019-12-28,1,Konrad_Piotr_Maj_3,0,manual_checking,https://doi.org/10.17504/protocols.io.bau3ieyn
Magdalena Maria Marszał-Wiśniewska,https://orcid.org/0000-0002-1423-3660,https://doi.org/10.2478/v10167-010-0181,2018,1,Magdalena_Maria_Marszał-Wiśniewska_3,0,manual_checking,https://doi.org/10.2478/v10167-010-0181
Karolina Mazurowska,https://orcid.org/0000-0003-0914-1144,https://doi.org/10.15804/npw20202608,2020-09-30,1,Karolina_Mazurowska_1,0,slipped_through,https://doi.org/10.15804/npw20202608
Karolina Mazurowska,https://orcid.org/0000-0003-0914-1144,https://doi.org/10.18290/rh.2018.66.9-2,2018,1,Karolina_Mazurowska_2,0,pdf_download,https://ojs.tnkul.pl/index.php/rh/article/view/6832/6594
Jarosław Maciej Michałowski,https://orcid.org/0000-0002-5811-740X ,https://doi.org/10.1027/1015-5759/a000286,2017,1,Jarosław_Maciej_Michałowski_4,0,slipped_through,https://doi.org/10.1027/1015-5759/a000286
Agnieszka Dorota Mościcka-Teske,https://orcid.org/0000-0003-3265-8635 ,https://doi.org/10.13075/ijomeh.1896.01162,2019-02-27,1,Agnieszka_Dorota_Mościcka-Teske_1,0,pdf_site,http://ijomeh.eu/pdf-91018-36270?filename=The
Błażej Stanisław Mroziński,https://orcid.org/0000-0002-5423-2291 ,https://doi.org/10.1371/journal.pone.0247814,2021-03-10,1,Błażej_Stanisław_Mroziński_1,0,pdf_site,https://journals.plos.org/plosone/article/file?id=10.1371/journal.pone.0247814&type=printable
Błażej Stanisław Mroziński,https://orcid.org/0000-0002-5423-2291 ,https://doi.org/10.3917/anpsy1.201.0039,2020,1,Błażej_Stanisław_Mroziński_3,0,manual_checking,https://doi.org/10.3917/anpsy1.201.0039
Błażej Stanisław Mroziński,https://orcid.org/0000-0002-5423-2291 ,https://doi.org/10.24425/ppb.2019.131004,2019-12-29,1,Błażej_Stanisław_Mroziński_5,0,pdf_site,https://journals.pan.pl/dlibra/publication/131004/edition/114420/content
Błażej Stanisław Mroziński,https://orcid.org/0000-0002-5423-2291 ,https://doi.org/10.15503/jecs20181.99.108,2018-06-28,1,Błażej_Stanisław_Mroziński_7,0,pdf_download,https://jecs.pl/index.php/jecs/article/view/10.15503jecs20181.99.108/278
Czesław Nosal,http://orcid.org/0000-0002-1693-2692 ,https://sci-hub.se/10.35808/ersj/2032,2021-03-20,1,Czesław_Nosal_1,0,manual_checking,https://sci-hub.se/10.35808/ersj/2032
Czesław Nosal,http://orcid.org/0000-0002-1693-2692 ,https://doi.org/10.15678/pjoep.2017.12.04,2017,1,Czesław_Nosal_3,0,manual_checking,https://doi.org/10.15678/pjoep.2017.12.04
Michał Ryszard Olszanowski,https://orcid.org/0000-0003-1771-2760 ,https://doi.org/10.18290/rpsych.2019.22.1-1,2019-11,1,Michał_Ryszard_Olszanowski_4,0,pdf_download,https://ojs.tnkul.pl/index.php/rpsych/article/view/8260/8177
Michał Ryszard Olszanowski,https://orcid.org/0000-0003-1771-2760 ,https://doi.org/10.18290/rpsych.2019.22.1-6,2019-11-19,1,Michał_Ryszard_Olszanowski_5,0,pdf_download,https://ojs.tnkul.pl/index.php/rpsych/article/view/8265/8182
Michał Ryszard Olszanowski,https://orcid.org/0000-0003-1771-2760 ,https://doi.org/10.18290/rpsych.2019.22.1-3,2019-11-19,1,Michał_Ryszard_Olszanowski_6,0,slipped_through,https://doi.org/10.18290/rpsych.2019.22.1-3
Justyna Olszewska,http://orcid.org/0000-0002-7255-4542 ,https://doi.org/10.1027/1618-3169/a000506,2021-01-12,1,Justyna_Olszewska_2,0,slipped_through,https://doi.org/10.1027/1618-3169/a000506
Jarosław Orzechowski,https://orcid.org/0000-0001-7722-4932 ,https://doi.org/10.13075/mp.5893.00709,2018-09-28,1,Jarosław_Orzechowski_8,0,pdf_site,http://medpr.imp.lodz.pl/pdf-86268-31520?filename=All
Michał Parzuchowski,https://orcid.org/0000-0002-8960-0277 ,https://doi.org/10.5964/spb.v13i1.25506,2018-04-11,1,Michał_Parzuchowski_2,0,pdf_site,https://spb.psychopen.eu/index.php/spb/article/view/2429/2429.pdf
Igor Jakub Pietkiewicz,https://orcid.org/0000-0001-6913-0186 ,https://doi.org/10.15557/pipk.2021.0003,2021,1,Igor_Jakub_Pietkiewicz_1,0,slipped_through,https://doi.org/10.15557/pipk.2021.0003
Igor Jakub Pietkiewicz,https://orcid.org/0000-0001-6913-0186 ,https://doi.org/10.3389/fpsyg.2021.637929,2021-05-06,1,Igor_Jakub_Pietkiewicz_3,0,text_scraping,https://www.frontiersin.org/articles/10.3389/fpsyg.2021.637929/full
Igor Jakub Pietkiewicz,https://orcid.org/0000-0001-6913-0186 ,https://doi.org/10.3389/fpsyg.2021.628925,2021-03-19,1,Igor_Jakub_Pietkiewicz_4,0,text_scraping,https://www.frontiersin.org/articles/10.3389/fpsyg.2021.628925/full
Igor Jakub Pietkiewicz,https://orcid.org/0000-0001-6913-0186 ,https://doi.org/10.15557/pipk.2020.0017,2020-07,1,Igor_Jakub_Pietkiewicz_5,0,slipped_through,https://doi.org/10.15557/pipk.2020.0017
Igor Jakub Pietkiewicz,https://orcid.org/0000-0001-6913-0186 ,https://doi.org/10.15557/pipk.2019.0035,2019,1,Igor_Jakub_Pietkiewicz_7,0,slipped_through,https://doi.org/10.15557/pipk.2019.0035
Igor Jakub Pietkiewicz,https://orcid.org/0000-0001-6913-0186 ,https://doi.org/10.15557/pipk.2020.0006,unrecovered,1,Igor_Jakub_Pietkiewicz_11,0,slipped_through,https://doi.org/10.15557/pipk.2020.0006
Konrad Marcin Piotrowski,https://orcid.org/0000-0001-9752-510X ,https://doi.org/10.1111/sjop.12779,2021-12-19,1,Konrad_Marcin_Piotrowski_1,0,slipped_through,https://doi.org/10.1111/sjop.12779
Konrad Marcin Piotrowski,https://orcid.org/0000-0001-9752-510X ,https://doi.org/10.1371/journal.pone.0254163,2021-07-21,1,Konrad_Marcin_Piotrowski_2,0,pdf_site,https://journals.plos.org/plosone/article/file?id=10.1371/journal.pone.0254163&type=printable
Agnieszka Ewa Popiel,https://orcid.org/0000-0001-9990-4971 ,https://doi.org/10.18290/rpsych.2017.20.2-1pl,2017,1,Agnieszka_Ewa_Popiel_3,0,manual_checking,https://doi.org/10.18290/rpsych.2017.20.2-1pl
Agnieszka Ewa Popiel,https://orcid.org/0000-0001-9990-4971 ,https://sci-hub.se/10.18290/rpsych.2017.20.2-5pl,2017,1,Agnieszka_Ewa_Popiel_4,0,manual_checking,https://sci-hub.se/10.18290/rpsych.2017.20.2-5pl
Agnieszka Ewa Popiel,https://orcid.org/0000-0001-9990-4971 ,https://doi.org/10.18290/rpsych.2017.20.2-4pl,2017,1,Agnieszka_Ewa_Popiel_5,0,manual_checking,https://doi.org/10.18290/rpsych.2017.20.2-4pl
Agnieszka Ewa Popiel,https://orcid.org/0000-0001-9990-4971 ,https://sci-hub.se/10.18290/rpsych.2017.20.2-2pl,2017,1,Agnieszka_Ewa_Popiel_6,0,manual_checking,https://sci-hub.se/10.18290/rpsych.2017.20.2-2pl
Agnieszka Popławska,https://orcid.org/0000-0001-8689-6757 ,https://doi.org/10.1016/j.paid.2018.06.023,2018,1,Agnieszka_Popławska_1,0,slipped_through,https://doi.org/10.1016/j.paid.2018.06.023
Sylwiusz Retowski,https://orcid.org/0000-0002-6133-0658 ,https://doi.org/10.3390/ijerph182212081,2021-11-17,1,Sylwiusz_Retowski_1,0,pdf_download,https://www.mdpi.com/1660-4601/18/22/12081/pdf?version=1637303684
Marta Anna Roczniewska,https://orcid.org/0000-0003-0815-1455 ,https://doi.org/10.1186/s12884-021-03810-9,2021-12,1,Marta_Anna_Roczniewska_1,0,slipped_through,https://doi.org/10.1186/s12884-021-03810-9
Marta Anna Roczniewska,https://orcid.org/0000-0003-0815-1455 ,https://doi.org/10.1016/j.jbusres.2021.08.010,2021-11,1,Marta_Anna_Roczniewska_3,0,manual_checking,https://doi.org/10.1016/j.jbusres.2021.08.010
Marta Anna Roczniewska,https://orcid.org/0000-0003-0815-1455 ,https://doi.org/10.3390/ijerph181910036,2021-09-24,1,Marta_Anna_Roczniewska_4,0,pdf_download,https://www.mdpi.com/1660-4601/18/19/10036/pdf?version=1632472548
Marta Anna Roczniewska,https://orcid.org/0000-0003-0815-1455 ,https://doi.org/10.3390/ijerph18179084,2021-08-28,1,Marta_Anna_Roczniewska_5,0,pdf_download,https://www.mdpi.com/1660-4601/18/17/9084/pdf?version=1631166318
Danuta Rode,https://orcid.org/0000-0001-5729-8168 ,https://doi.org/10.4467/20843879pr.19.010.10893,2019,1,Danuta_Rode_1,0,pdf_download,https://www.ejournals.eu/pliki/art/14704/
Danuta Rode,https://orcid.org/0000-0001-5729-8168 ,https://doi.org/10.14691/cppj.24.1.227,2018,1,Danuta_Rode_4,0,manual_checking,https://doi.org/10.14691/cppj.24.1.227
Krystyna Jolanta Rymarczyk,https://orcid.org/0000-0002-4085-9480 ,https://doi.org/10.3389/fpsyg.2021.733742,2021-12-15,1,Krystyna_Jolanta_Rymarczyk_1,0,text_scraping,https://www.frontiersin.org/articles/10.3389/fpsyg.2021.733742/full
Krystyna Jolanta Rymarczyk,https://orcid.org/0000-0002-4085-9480 ,https://doi.org/10.33896/porj.2021.6.3,2021-06-15,1,Krystyna_Jolanta_Rymarczyk_2,0,pdf_site,http://www.poradnikjezykowy.uw.edu.pl/wydania/poradnik_jezykowy.785.2021.06.3-K.Rymarczyk.pdf
Katarzyna Maria Sanna,https://orcid.org/0000-0002-1903-1830,https://doi.org/10.5114/pson.2018.92900,2018,1,Katarzyna_Maria_Sanna_2,0,manual_checking,https://doi.org/10.5114/pson.2018.92900
Ralf Schwarzer,https://orcid.org/0000-0002-0069-3826,https://doi.org/10.2196/26397,2021-11-23,1,Ralf_Schwarzer_2,0,pdf_site,https://mhealth.jmir.org/2021/11/e26397/PDF
Ralf Schwarzer,https://orcid.org/0000-0002-0069-3826,https://doi.org/10.3934/medsci.2019.1.13,2019,1,Ralf_Schwarzer_6,0,manual_checking,https://doi.org/10.3934/medsci.2019.1.13
Ralf Schwarzer,https://orcid.org/0000-0002-0069-3826,https://doi.org/10.1037/hea0000728,2019-07,1,Ralf_Schwarzer_10,0,manual_checking,https://doi.org/10.1037/hea0000728
Ralf Schwarzer,https://orcid.org/0000-0002-0069-3826,https://doi.org/10.2196/jmir.8814,2018-01-11,1,Ralf_Schwarzer_17,0,pdf_site,https://www.jmir.org/2018/1/e9/PDF
Grzegorz Sędek,https://orcid.org/0000-0001-8932-0868,https://doi.org/10.3389/fpsyg.2021.645751,2021-09-27,1,Grzegorz_Sędek_2,0,text_scraping,https://www.frontiersin.org/articles/10.3389/fpsyg.2021.645751/full
Grzegorz Sędek,https://orcid.org/0000-0001-8932-0868,https://doi.org/10.1037/pag0000239,2018-03,1,Grzegorz_Sędek_3,0,manual_checking,https://doi.org/10.1037/pag0000239
Agata Anna Sobków,https://orcid.org/0000-0002-5357-744X,https://doi.org/10.24425/ppb.2021.139164,2021,1,Agata_Anna_Sobków_1,0,pdf_site,https://journals.pan.pl/dlibra/publication/139164/edition/122040/content
Agata Anna Sobków,https://orcid.org/0000-0002-5357-744X,https://doi.org/10.7206/dec.1733-0092.139,2020,1,Agata_Anna_Sobków_3,0,slipped_through,https://doi.org/10.7206/dec.1733-0092.139
Agata Anna Sobków,https://orcid.org/0000-0002-5357-744X,https://doi.org/10.1037/xap0000207,2019,1,Agata_Anna_Sobków_6,0,manual_checking,https://doi.org/10.1037/xap0000207
Agata Anna Sobków,https://orcid.org/0000-0002-5357-744X,https://doi.org/10.15678/pjoep.2018.13.04,2018,1,Agata_Anna_Sobków_10,0,manual_checking,https://doi.org/10.15678/pjoep.2018.13.04
Joanna Sokołowska-Pohorille,https://orcid.org/0000-0001-5239-1435,https://sci-hub.se/10.3389/fpsyg.2021.745941,2021-08-30,1,Joanna_Sokołowska-Pohorille_1,0,manual_checking,https://sci-hub.se/10.3389/fpsyg.2021.745941
Joanna Sokołowska-Pohorille,https://orcid.org/0000-0001-5239-1435,https://doi.org/10.3389/fpsyg.2020.588910,2020-10-27,1,Joanna_Sokołowska-Pohorille_2,0,text_scraping,https://www.frontiersin.org/articles/10.3389/fpsyg.2020.588910/full
Joanna Sokołowska-Pohorille,https://orcid.org/0000-0001-5239-1435,https://doi.org/10.7366/1896180020174204,2017,1,Joanna_Sokołowska-Pohorille_4,0,manual_checking,https://doi.org/10.7366/1896180020174204
Joanna Sokołowska-Pohorille,https://orcid.org/0000-0001-5239-1435,https://sci-hub.se/10.7206/dec.1733-0092.94,2017-12,1,Joanna_Sokołowska-Pohorille_5,0,manual_checking,https://sci-hub.se/10.7206/dec.1733-0092.94
Dorota Daniela Szczygieł,https://orcid.org/0000-0001-9746-1505,https://doi.org/10.18290/rpsych.2019.22.1-4,2019-11-19,1,Dorota_Daniela_Szczygieł_3,0,slipped_through,https://doi.org/10.18290/rpsych.2019.22.1-4
Dorota Daniela Szczygieł,https://orcid.org/0000-0001-9746-1505,https://doi.org/10.24425/119497,2018,1,Dorota_Daniela_Szczygieł_6,0,pdf_site,https://journals.pan.pl/dlibra/publication/119497/edition/103968/content
Beata Maria Szramka-Pawlak,https://orcid.org/0000-0001-7785-6956,https://doi.org/10.12740/pp/68948,2017,1,Beata_Maria_Szramka-Pawlak_1,0,pdf_site,https://www.psychiatriapolska.pl/pdf-68948-81423?filename=Body
Aleksandra Szymków-Sudziarska,https://orcid.org/0000-0002-6550-7369,https://doi.org/10.32872/spb.4389,2021-09-23,1,Aleksandra_Szymków-Sudziarska_1,0,pdf_site,https://spb.psychopen.eu/index.php/spb/article/view/4389/4389.pdf
Łukasz Lech Tanaś,https://orcid.org/0000-0001-8038-8225,https://doi.org/10.12740/pp/120939,2021-12-31,1,Łukasz_Lech_Tanaś_1,0,pdf_site,https://www.psychiatriapolska.pl/pdf-120939-81772?filename=Psychopathic
Łukasz Lech Tanaś,https://orcid.org/0000-0001-8038-8225,https://doi.org/10.1016/j.cogdev.2021.101084,2021-07,1,Łukasz_Lech_Tanaś_3,0,slipped_through,https://doi.org/10.1016/j.cogdev.2021.101084
Łukasz Lech Tanaś,https://orcid.org/0000-0001-8038-8225,https://doi.org/10.1027/2698-1866/a000007,2021-03-31,1,Łukasz_Lech_Tanaś_4,0,manual_checking,https://doi.org/10.1027/2698-1866/a000007
Łukasz Lech Tanaś,https://orcid.org/0000-0001-8038-8225,https://doi.org/10.4467/20843879pr.20.026.13434,2020,1,Łukasz_Lech_Tanaś_6,0,slipped_through,https://doi.org/10.4467/20843879pr.20.026.13434
Jerzy Stefan Trzebiński,https://orcid.org/0000-0003-3948-1676,https://doi.org/10.1371/journal.pone.0253729,2021-07-01,1,Jerzy_Stefan_Trzebiński_1,0,pdf_site,https://journals.plos.org/plosone/article/file?id=10.1371/journal.pone.0253729&type=printable
Jerzy Stefan Trzebiński,https://orcid.org/0000-0003-3948-1676,https://doi.org/10.1080/15325024.2020.1765098,2020-05-21,1,Jerzy_Stefan_Trzebiński_3,0,slipped_through,https://doi.org/10.1080/15325024.2020.1765098
Anna Olimpia Waligórska,https://orcid.org/0000-0003-3736-7984,https://doi.org/10.12740/pp/99163,2019-08-31,1,Anna_Olimpia_Waligórska_1,0,pdf_site,https://www.psychiatriapolska.pl/pdf-99163-81567?filename=National
Piotr Winkielman,https://orcid.org/0000-0003-2330-1802,https://doi.org/10.3390/ijerph182212100,2021-11-18,1,Piotr_Winkielman_2,0,pdf_download,https://www.mdpi.com/1660-4601/18/22/12100/pdf?version=1637308231
Piotr Winkielman,https://orcid.org/0000-0003-2330-1802,https://doi.org/10.1037/xhp0000922,2021-06,1,Piotr_Winkielman_3,0,manual_checking,https://doi.org/10.1037/xhp0000922
Piotr Winkielman,https://orcid.org/0000-0003-2330-1802,https://doi.org/10.1098/rspb.2019.2941rspb20192941,2020,1,Piotr_Winkielman_5,0,manual_checking,https://doi.org/10.1098/rspb.2019.2941rspb20192941
Piotr Winkielman,https://orcid.org/0000-0003-2330-1802,https://doi.org/10.1037/xge0000798,2020,1,Piotr_Winkielman_6,0,manual_checking,https://doi.org/10.1037/xge0000798
Piotr Winkielman,https://orcid.org/0000-0003-2330-1802,https://doi.org/10.1037/xlm0000446,2018,1,Piotr_Winkielman_14,0,manual_checking,https://doi.org/10.1037/xlm0000446
Piotr Winkielman,https://orcid.org/0000-0003-2330-1802,https://doi.org/10.1037/xhp0000304,2017,1,Piotr_Winkielman_18,0,manual_checking,https://doi.org/10.1037/xhp0000304
Małgorzata Maria Wójcik,https://orcid.org/0000-0002-8950-3119,https://doi.org/10.1037/gdn0000125,2020,1,Małgorzata_Maria_Wójcik_4,0,pdf_site,https://psycnet.apa.org/fulltext/2020-43455-001.pdf?dl=true
Małgorzata Maria Wójcik,https://orcid.org/0000-0002-8950-3119,https://doi.org/10.24425/ppb.2019.126019,2019,1,Małgorzata_Maria_Wójcik_6,0,pdf_site,https://journals.pan.pl/dlibra/publication/126019/edition/109950/content
Tomasz Wojciech Zaleśkiewicz,https://orcid.org/0000-0002-4232-6151,https://doi.org/10.24425/nauka.2019.126180,2019-03-01,1,Tomasz_Wojciech_Zaleśkiewicz_1,0,pdf_site,https://journals.pan.pl/dlibra/publication/126180/edition/110096/content
Anna Maria Zalewska,https://orcid.org/0000-0002-7285-4748,https://doi.org/10.13075/mp.5893.00908,2020-01-20,1,Anna_Maria_Zalewska_7,0,pdf_site,http://medpr.imp.lodz.pl/pdf-111855-45959?filename=Work_family
Anna Maria Zalewska,https://orcid.org/0000-0002-7285-4748,https://doi.org/10.14691/cppj.24.3.469,2018,1,Anna_Maria_Zalewska_9,0,pdf_site,http://czasopismopsychologiczne.pl/files/articles/2018-24-konflikty-__praca-rodzina%22-a-zadowolenie-z-pracy-poredniczca-rola-zaangaowania-w-prac.pdf
Anna Maria Zalewska,https://orcid.org/0000-0002-7285-4748,https://doi.org/10.24425/119484,2018-06,1,Anna_Maria_Zalewska_11,0,pdf_site,https://journals.pan.pl/dlibra/publication/119484/edition/103955/content
Anna Maria Zalewska,https://orcid.org/0000-0002-7285-4748,https://doi.org/10.24425/119480,2018-06,1,Anna_Maria_Zalewska_12,0,pdf_site,https://journals.pan.pl/dlibra/publication/119480/edition/103951/content
Anna Maria Zalewska,https://orcid.org/0000-0002-7285-4748,https://doi.org/10.1386/ctl.12.2.227_1,2017,1,Anna_Maria_Zalewska_13,0,slipped_through,https://doi.org/10.1386/ctl.12.2.227_1
Anna Maria Zalewska,https://orcid.org/0000-0002-7285-4748,https://doi.org/10.1386/ctl.12.2.171_1,2017,1,Anna_Maria_Zalewska_14,0,slipped_through,https://doi.org/10.1386/ctl.12.2.171_1
Anna Maria Zalewska,https://orcid.org/0000-0002-7285-4748,https://doi.org/10.1386/ctl.12.2.151_1,2017,1,Anna_Maria_Zalewska_15,0,slipped_through,https://doi.org/10.1386/ctl.12.2.151_1
Anna Maria Zalewska,https://orcid.org/0000-0002-7285-4748,https://doi.org/10.1386/ctl.12.2.141_1,2017,1,Anna_Maria_Zalewska_17,0,slipped_through,https://doi.org/10.1386/ctl.12.2.141_1
Karolina Zalewska-Łunkiewicz,https://orcid.org/0000-0002-5130-8510,https://doi.org/10.1016/j.pec.2021.07.007,2021-07,1,Karolina_Zalewska-Łunkiewicz_1,0,manual_checking,https://doi.org/10.1016/j.pec.2021.07.007
Karolina Zalewska-Łunkiewicz,https://orcid.org/0000-0002-5130-8510,https://doi.org/10.6084/m9.figshare.7149152,2018,1,Karolina_Zalewska-Łunkiewicz_2,0,manual_checking,https://doi.org/10.6084/m9.figshare.7149152
Karolina Zalewska-Łunkiewicz,https://orcid.org/0000-0002-5130-8510,https://doi.org/10.15557/pipk.2018.0044,2018,1,Karolina_Zalewska-Łunkiewicz_3,0,slipped_through,https://doi.org/10.15557/pipk.2018.0044
Karolina Zalewska-Łunkiewicz,https://orcid.org/0000-0002-5130-8510,https://doi.org/10.14691/cppj.24.2.307,2018,1,Karolina_Zalewska-Łunkiewicz_4,0,manual_checking,https://doi.org/10.14691/cppj.24.2.307
Karolina Zarychta-Zajączkowska,https://orcid.org/0000-0003-2072-0841,https://sci-hub.se/10.1007/s10865-020-00138-1,2020-01,1,Karolina_Zarychta-Zajączkowska_2,0,slipped_through,https://sci-hub.se/10.1007/s10865-020-00138-1
Mateusz Piotr Zatorski,https://orcid.org/0000-0002-0043-0815,https://doi.org/10.1515/ppb-2017-0044,2017,1,Mateusz_Piotr_Zatorski_5,0,pdf_site,https://journals.pan.pl/dlibra/publication/120853/edition/105259/content
Elżbieta Zdankiewicz-Ścigała,https://orcid.org/0000-0002-8275-2585,https://doi.org/10.5604/01.3001.0012.8286,2019,1,Elżbieta_Zdankiewicz-Ścigała_6,0,slipped_through,https://doi.org/10.5604/01.3001.0012.8286
Elżbieta Zdankiewicz-Ścigała,https://orcid.org/0000-0002-8275-2585,https://doi.org/10.5604/01.3001.0012.4751,2018,1,Elżbieta_Zdankiewicz-Ścigała_9,0,slipped_through,https://doi.org/10.5604/01.3001.0012.4751
Elżbieta Zdankiewicz-Ścigała,https://orcid.org/0000-0002-8275-2585,https://doi.org/10.15557/pipk.2018.0032,2018,1,Elżbieta_Zdankiewicz-Ścigała_10,0,slipped_through,https://doi.org/10.15557/pipk.2018.0032
Elżbieta Zdankiewicz-Ścigała,https://orcid.org/0000-0002-8275-2585,https://doi.org/10.24425/124343,2018,1,Elżbieta_Zdankiewicz-Ścigała_12,0,pdf_site,https://journals.pan.pl/dlibra/publication/124343/edition/108498/content
Mariusz Zięba,https://orcid.org/0000-0002-3492-2236,https://doi.org/10.18290/rpsych21242-2,2021,1,Mariusz_Zięba_1,0,slipped_through,https://doi.org/10.18290/rpsych21242-2
Mariusz Zięba,https://orcid.org/0000-0002-3492-2236,https://doi.org/10.1371/journal.pone.0261384,2021-12-15,1,Mariusz_Zięba_2,0,slipped_through,https://doi.org/10.1371/journal.pone.0261384
Mariusz Zięba,https://orcid.org/0000-0002-3492-2236,https://doi.org/10.24425/119479,2018-06-15,1,Mariusz_Zięba_7,0,pdf_site,https://journals.pan.pl/dlibra/publication/119479/edition/103950/content
Jolanta Grażyna Życińska,https://orcid.org/0000-0002-1761-7328,https://doi.org/10.5604/01.3001.0012.1164,2018,1,Jolanta_Grażyna_Życińska_2,0,pdf_site,https://medicalsciencepulse.com/gicid/pdf/01.3001.0012.1164
Jolanta Grażyna Życińska,https://orcid.org/0000-0002-1761-7328,https://doi.org/10.14691/cppj.24.1.79,2018,1,Jolanta_Grażyna_Życińska_3,0,manual_checking,https://doi.org/10.14691/cppj.24.1.79
Dariusz Dolinski,https://orcid.org/0000-0002-4225-4258,https://doi.org/10.32872/spb.6525,2021,1,Dariusz_Dolinski_2,0,pdf_site,https://spb.psychopen.eu/index.php/spb/article/view/6525/6525.pdf
Dariusz Dolinski,https://orcid.org/0000-0002-4225-4258,https://doi.org/10.1371/journal.pone.0261648,2021-12-30,1,Dariusz_Dolinski_3,0,pdf_site,https://journals.plos.org/plosone/article/file?id=10.1371/journal.pone.0261648&type=printable
Dariusz Dolinski,https://orcid.org/0000-0002-4225-4258,https://sci-hub.se/10.3390/su132212562,2021-11-13,1,Dariusz_Dolinski_4,0,manual_checking,https://sci-hub.se/10.3390/su132212562
Dariusz Dolinski,https://orcid.org/0000-0002-4225-4258,https://doi.org/10.3390/vaccines9080933,2021-08,1,Dariusz_Dolinski_5,0,pdf_download,https://www.mdpi.com/2076-393X/9/8/933/pdf?version=1629700364
Dariusz Dolinski,https://orcid.org/0000-0002-4225-4258,https://doi.org/10.5114/hpr.2020.96895,2020,1,Dariusz_Dolinski_6,0,pdf_site,https://hpr.termedia.pl/pdf-122426-73982?filename=Do psychologists study.pdf
Dariusz Dolinski,https://orcid.org/0000-0002-4225-4258,https://doi.org/10.5964/spb.v13i2.25025,2018,1,Dariusz_Dolinski_16,0,pdf_site,https://spb.psychopen.eu/index.php/spb/article/view/2411/2411.pdf
Dariusz Dolinski,https://orcid.org/0000-0002-4225-4258,https://doi.org/10.5964/spb.v13i2.26133,2018,1,Dariusz_Dolinski_18,0,pdf_site,https://spb.psychopen.eu/index.php/spb/article/view/2347/2347.pdf
Dariusz Dolinski,https://orcid.org/0000-0002-4225-4258,https://doi.org/10.5334/pb.397,2017,1,Dariusz_Dolinski_22,0,pdf_site,http://www.psychologicabelgica.com/articles/10.5334/pb.397/galley/339/download/
Aleksandra Łuszczyńska,https://orcid.org/0000-0002-4704-9544,https://doi.org/10.1037/hea0001124,2021,1,Aleksandra_Łuszczyńska_1,0,manual_checking,https://doi.org/10.1037/hea0001124
Aleksandra Łuszczyńska,https://orcid.org/0000-0002-4704-9544,https://doi.org/10.1007/s12529-021-10012-2,2021,1,Aleksandra_Łuszczyńska_2,0,pdf_site,https://link.springer.com/content/pdf/10.1007/s12529-021-10012-2.pdf
Aleksandra Łuszczyńska,https://orcid.org/0000-0002-4704-9544,https://doi.org/10.1186/s12889-021-11822-5,2021,1,Aleksandra_Łuszczyńska_5,0,slipped_through,https://doi.org/10.1186/s12889-021-11822-5
Aleksandra Łuszczyńska,https://orcid.org/0000-0002-4704-9544,https://doi.org/10.1249/01.mss.0000677184.87047.54,2020,1,Aleksandra_Łuszczyńska_7,0,manual_checking,https://doi.org/10.1249/01.mss.0000677184.87047.54
Aleksandra Łuszczyńska,https://orcid.org/0000-0002-4704-9544,https://doi.org/10.1024/1662-9647/a000229,2020-05-29,1,Aleksandra_Łuszczyńska_12,0,manual_checking,https://doi.org/10.1024/1662-9647/a000229
Aleksandra Łuszczyńska,https://orcid.org/0000-0002-4704-9544,https://doi.org/10.1037/hea0000799.supp,2019,1,Aleksandra_Łuszczyńska_15,0,manual_checking,https://doi.org/10.1037/hea0000799.supp
Aleksandra Łuszczyńska,https://orcid.org/0000-0002-4704-9544,https://doi.org/10.5114/hpr.2018.77804,2018,1,Aleksandra_Łuszczyńska_21,0,slipped_through,https://doi.org/10.5114/hpr.2018.77804
Aleksandra Łuszczyńska,https://orcid.org/0000-0002-4704-9544,https://doi.org/10.2196/mental.9449,2018,1,Aleksandra_Łuszczyńska_22,0,pdf_site,https://mental.jmir.org/2018/2/e29/PDF
John Nezlek,https://orcid.org/0000-0003-4963-3637,https://doi.org/10.1177/21676968211054596,2021-10-28,1,John_Nezlek_2,0,slipped_through,https://doi.org/10.1177/21676968211054596
John Nezlek,https://orcid.org/0000-0003-4963-3637,https://doi.org/10.32872/spb.2679,2020,1,John_Nezlek_5,0,pdf_site,https://spb.psychopen.eu/index.php/spb/article/view/2679/2679.pdf
John Nezlek,https://orcid.org/0000-0003-4963-3637,https://doi.org/10.1037/ebs0000201,2020,1,John_Nezlek_6,0,manual_checking,https://doi.org/10.1037/ebs0000201
Hanna Krystyna Bednarek,https://www.webofscience.com/wos/author/record/4801867,https://doi.org/10.13075/ijomeh.1896.01430,2019.0,1,Hanna_Krystyna_Bednarek_4,0,pdf_site,http://ijomeh.eu/pdf-110585-42907?filename=The
Ewa Melania Gruszczyńska,https://www.webofscience.com/wos/author/record/8314575,https://doi.org/10.1371/journal.pone.0251257,2021.0,1,Ewa_Melania_Gruszczyńska_1,0,pdf_site,https://journals.plos.org/plosone/article/file?id=10.1371/journal.pone.0251257&type=printable
Ewa Melania Gruszczyńska,https://www.webofscience.com/wos/author/record/8314578,https://doi.org/10.1080/20008198.2021.1990527,2021.0,1,Ewa_Melania_Gruszczyńska_4,0,slipped_through,https://doi.org/10.1080/20008198.2021.1990527
Ewa Melania Gruszczyńska,https://www.webofscience.com/wos/author/record/8314585,https://doi.org/10.12740/PP/OnlineFirst/93492,2020.0,1,Ewa_Melania_Gruszczyńska_9,0,pdf_site,https://www.psychiatriapolska.pl/pdf-93492-81617?filename=The
Ewa Melania Gruszczyńska,https://www.webofscience.com/wos/author/record/8314592,https://doi.org/10.13075/mp.5893.00750,2019.0,1,Ewa_Melania_Gruszczyńska_16,0,pdf_site,http://medpr.imp.lodz.pl/pdf-99265-39356?filename=Job_related
Ewa Melania Gruszczyńska,https://www.webofscience.com/wos/author/record/8314598,https://doi.org/10.12740/PP/OnlineFirst/76541,2018.0,1,Ewa_Melania_Gruszczyńska_21,0,pdf_site,https://www.psychiatriapolska.pl/pdf-76541-81482?filename=Polish
Tomasz Adam Grzyb,https://www.webofscience.com/wos/author/record/14998668,https://doi.org/10.5114/hpr.2020.97159,2020.0,1,Tomasz_Adam_Grzyb_1,0,pdf_site,https://hpr.termedia.pl/pdf-123539-73985?filename=Field experiment in.pdf
Dorota Eugenia Kalka,https://www.webofscience.com/wos/author/record/15472088,https://doi.org/10.12740/PP/OnlineFirst/85192,2018.0,1,Dorota_Eugenia_Kalka_4,0,pdf_site,https://www.psychiatriapolska.pl/pdf-85192-81509?filename=Depression
Krzysztof Krejtz,https://www.webofscience.com/wos/author/record/2293125,https://doi.org/10.16910/jemr/13.5.2,2020.0,1,Krzysztof_Krejtz_6,0,manual_checking,https://doi.org/10.16910/jemr/13.5.2
Krzysztof Krejtz,https://www.webofscience.com/wos/author/record/2293135,https://doi.org/10.1007/978-3-319-59424-8_23,2018.0,1,Krzysztof_Krejtz_15,0,pdf_site,https://link.springer.com/content/pdf/10.1007/978-3-319-59424-8_23.pdf
Krzysztof Krejtz,https://www.webofscience.com/wos/author/record/2293137,https://doi.org/10.16910/jemr.10.3.4,2017.0,1,Krzysztof_Krejtz_17,0,slipped_through,https://doi.org/10.16910/jemr.10.3.4
Krzysztof Krejtz,https://www.webofscience.com/wos/author/record/2293138,https://doi.org/10.16910/jemr.10.2.3,2017.0,1,Krzysztof_Krejtz_18,0,slipped_through,https://doi.org/10.16910/jemr.10.2.3
Magdalena Ewa Król,https://www.webofscience.com/wos/author/record/916635,https://doi.org/10.1037/xlm0000711,2019.0,1,Magdalena_Ewa_Król_4,0,manual_checking,https://doi.org/10.1037/xlm0000711
Magdalena Ewa Król,https://www.webofscience.com/wos/author/record/916640,https://doi.org/10.1037/npe0000104,2019.0,1,Magdalena_Ewa_Król_8,0,manual_checking,https://doi.org/10.1037/npe0000104
Magdalena Ewa Król,https://www.webofscience.com/wos/author/record/916642,https://doi.org/10.1371/journal.pone.0194491,2018.0,1,Magdalena_Ewa_Król_10,0,pdf_site,https://journals.plos.org/plosone/article/file?id=10.1371/journal.pone.0194491&type=printable
Małgorzata Wawrzyniak,https://www.webofscience.com/wos/author/record/4858624,https://doi.org/10.1177/08258597211034642,2021.0,1,Małgorzata_Wawrzyniak_1,0,slipped_through,https://doi.org/10.1177/08258597211034642
Katarzyna Natalia Zawadzka,https://www.webofscience.com/wos/author/record/15853744,https://doi.org/10.1037/xlm0001013,2021.0,1,Katarzyna_Natalia_Zawadzka_1,0,manual_checking,https://doi.org/10.1037/xlm0001013
Katarzyna Natalia Zawadzka,https://www.webofscience.com/wos/author/record/15853747,https://doi.org/10.1037/xge0000695,2020.0,1,Katarzyna_Natalia_Zawadzka_3,0,manual_checking,https://doi.org/10.1037/xge0000695
Katarzyna Natalia Zawadzka,https://www.webofscience.com/wos/author/record/15853748,https://doi.org/10.1037/xlm0000676,2019.0,1,Katarzyna_Natalia_Zawadzka_4,0,manual_checking,https://doi.org/10.1037/xlm0000676
