file,pattern,snippet
10-1002_ejsp-2298.pdf,Organiz,"This paper  examines  how dealing with uncertainty by adherence to religion influences 
intergroup attitudes. First, we examine  the relationship between religious beliefs  and the 
tendency to avoid uncertainty. Moreover, we test the assumption that the connection of the 
two can  lead to prejudice towards valu e-violators , but that it can also increase positive 
attitudes towards those groups whose values are consistent with the ingroup’s  values. Finally , 
for the first time , we experimentally test how, in the face of uncertainty , religious belief s 
determine attit udes towards different groups, regarding the perception of values they follow. Intolerance of Ambiguity  and Motivation to Feel Certain  
People vary in their tolerance of ambiguity  and uncertainty . Since the  early  work by 
Frenkel -Brunswik  (1948; 1949 ), the concept s of ambiguity and uncertainty have been 
discussed  in many areas of research including  organiz ational (Robertson & Swan, 2003)  and 
vocational behavior (Xu & Tracey, 2015) , education  (Sher rill, 2001) , clinical  psychology 
(Birrell, Meares, Wilkinson, & Freestone, 2011 ; Gosselin et al., 2008 ), and creativity research 
(Wang, Zhang , & Martocchio, 2011) . Following the initial definition by Frenkel -Brunswik 
(1949) most  researchers conceptualize d the intolerance of ambiguity and uncertainty as a 
personality trait (e.g. Budner , 1962 ; Furnham  & Ribchester , 1995), or at least  a cognitive 
disposition s that may influence the propensity for certain affective, cognitive, and behavioral  
reactions in response to situations that involve novelty, complexity, unfamiliarity, 
unpredictability  (Bhushan & Amal, 1986; Budner, 1962 ; McLain, 1993; McLain, 
Keffallonitis, & Armani, 2015 ). Affective reactions most often include anxiety, discomfort, 
but also dislike or anger. Such emotions in turn lead to cognitive effort  to resolve ambiguity 
and uncertainty and/or a tendency to perceive ambiguous situations in black and white terms. Finally, low tolerance for ambiguity and uncertainty can result in behavioral  consequences  
such as delayed decision making, attributional err ors, and the general avoid ance or rejecti on UNCERTAINTY AND PREJUDICE  
 
This article is protected by copyright."
10-1002_hbm-24208.pdf,NGO,"Higher accuracy
in multiple object tracking (Green & Bavelier, 2006ab; Sungur, & Bod-
uroglu, 2012) and enhanced visual search (Castel, Pratt, & Drummond,2005), spatial resolution of vision (Green, & Bavelier, 2007), detecting
salient changes in the direction of object movement (West et al., 2008)
and mental rotation (Basak, Boot, Voss, & Kramer, 2008) were also
observed after video game experience. Moreover, video game playing
has also been associated with a reduced sensitivity to backward mask-ing, indicating faster integration of visual processing (Li, Polat, Scalzo, &
Bavelier, 2010). More basic aspects of perception like a general
Hum Brain Mapp .2 0 1 8 ; 1 –17. wileyonlinelibrary.com/journal/hbm VC2018 Wiley Periodicals, Inc. |1Received: 21 August 2017 |Revised: 28 March 2018 |Accepted: 29 April 2018
DOI: 10.1002/hbm.24208
shortening of perceptual reaction times (Dye et al., 2009aa; Dye et al.,
2009ab) and enhanced contrast sensitivity were also shown to be
affected by video game training (Li, Polat, Makous, & Bavelier, 2009). Itis important to point out that improvements in visual information proc-
essing were observed not only in normal-vision subjects but also in
patients with vision problems. For example, Li, Ngo, Nguyen, & Levi(2011) showed that patients with amblyopia substantially improved in awide range of fundamental vision functions, such as visual acuity and
spatial attention, after a short video game training. Furthermore, in a
study that was both empirical and conceptual, Bejjanki and others(2014) described that video games improved performance on an orien-
tation identification task under varying levels of external noise and pro-
posed a model where improvement in the task was accompanied byreweighting of connectivity between the visual areas of the brain. On the other hand, not all studies on video game experience have
yielded positive results (Boot, Blakely, & Simons, 2011; Gobet et al.,
2014), and a number of authors have discussed the methodologicalshortcomings that are present in the field (Boot et al., 2011; Boot, &Simons, 2012; Kristj /C19ansson, 2013; Bisoglio, Michaels, Mervis, & Ashin-
off, 2014). Some research has shown only little or no improvement incognitive performance (Boot et al., 2011; Irons, Remington, & McLean,2011). However, it should be noted that most of those studies did notcontrol for the genres of video games played by participants, and all
genres were usually put into one category of “action ”video games. This category is usually comprised of first- and third-person shootergenres, but there are studies with “action ”video game player samples
that also include other genres (e.g., Green, & Bavelier, 2003; Castelet al., 2005; Sungur et al., 2012), and studies that concentrated on spe-cific genres (e.g., Tanaka et al., 2013; Dobrowolski et al., 2015; Kimet al., 2015; Dale & Green, 2017ab)."
10-1002_hbm-24208.pdf,NGO,"Enhancing the con-
trast sensitivity function through action video game training. Nature
Neuroscience ,12(5), 549 –551. Li, R., Polat, U., Scalzo, F., & Bavelier, D. (2010). Reducing backward
masking through action game training. Journal of Vision ,10(14), 33 –
13. Li, R. W., Ngo, C., Nguyen, J., & Levi, D. M. (2011). Video-game play
induces plasticity in the visual system of adults with amblyopia. PLoS
Biology ,9(8), e1001135. Mangun, G. R., Buonocore, M. H., Girelli, M., & Jha, A. P. (1998). ERP
and fMRI measures of visual spatial selective attention. Human Brain
Mapping ,6(5–6), 383 –389.Maris, E., & Oostenveld, R. (2007)."
10-1016_j-chb-2020-106502.pdf,NGO,"1 We thank the anonymous reviewer for this suggestion. M. Morelli et al. Computers in Human Behavior 113 (2020) 106502
8measure. For instance, findings from the present study showed that 
young people from the USA are more likely to send and post own sexts 
than participants from other countries, while previous studies reported 
higher prevalence of sexting among Italian participants (Klettke et al., 
2014 ; Morelli et al., 2016a ). Meanwhile, Irish youth reported more risky sexting (i.e., sexting 
under substance use and sexting with strangers met online) than 
American youth, but this result could be due to the fact that the Irish 
sample was predominantly composed of boys, who are more likely to 
engage in risky sexual behaviors than girls (Bongers, Koot, Van der Ende, 
& Verhulst, 2003 ; Romer & Hennessy, 2007 ). Young Ugandans reported 
more non-consensual sexting than American youth, a result that aligns 
with widespread risky sexual behavior in Africa (Pinchoff, Boyer, 
Mutombo, Chowdhuri, & Ngo, 2017 ), which is leading to the imple -
mentation of sex education programs in schools, especially in Uganda 
(Kemigisha et al., 2019 ). Finally, Turkish and Czech youth, as compared 
to American youth, reported receiving more pressure from peers and 
partners to send sexts. This suggests that coercive and aggressive dy-
namics within dating partners may be more common and/or socially 
acceptable in these countries (Pik�alkov �a, 2012 ; Terzioglu et al., 2018 ; 
Toplu-Demirtas ¸, Hatipo �glu-Sümer, & Murray, 2018 ). Regarding socio-demographic variables, findings aligned well with 
previous research. Specifically, boys were more likely to be involved in 
risky and aggravated sexting than girls, in line with previous studies on 
biological sex differences in sexting (Gregg, Somers, Pernice, Hillman, & 
Kernsmith, 2018 ) and risky sexual behaviors (Romer & Hennessy, 
2007 ). Experimental sexting and risky sexting increased with age."
10-1016_j-chb-2020-106502.pdf,NGO,"Journal of Adolescent 
Health, 66(2), 140–143. https://doi.org/10.1016/j.jadohealth.2019.10.010 . Pik�alkov �a, S. (2012). Violence against women in intimate partnerships: First findings of 
follow-up research to IVAWS 2003. Acta Universitatis Carolinae - Philosophica et 
Historica, 18(2), 85–100. Pinchoff, J., Boyer, C. B., Mutombo, N., Chowdhuri, R. N., & Ngo, T. D. (2017). Why 
don’t urban youth in Zambia use condoms? The influence of gender and marriage on 
non-use of male condoms among young adults. PloS One, 12(3). https://doi.org/ 
10.1371/journal.pone.0172062 . Pistella, J., Ioverno, S., & Russell, S. T. (2019)."
10-1080_02681102-2018-1508402.pdf,Organiz,"This typology divides OCB into only two groups: OCBI oriented towards
people, e.g. helping, altruism, courtesy and OCBO oriented towards an organization, e.g. civic
virtue ( Table 1 ). These theoretical assumptions were con ﬁrmed by Williams and Anderson ( 1991 )
who used a hierarchical regression analysis to distinguish the existence of the two behavioral
types: OCBI and OCBO. A common feature of all of the typologies is that they de ﬁne OCB as a group of behaviors, which
depend on the individual decisions of employees, and are not subject to the formal system of rewardsand do not fall into the set of regulated behaviors typical for a given position. A few authors have investigated OCB in a very wide range of di ﬀerent industries, such as: ﬁnancial
services, banking, insurance, education, services, retail, the food service industry non-pro ﬁt organiz-
ations, governments, military organizations, manufacturing, pharmaceuticals, biotechnology, health-
care and entertainment (Podsako ﬀ, Podsako ﬀ, Mackenzie, Maynes, & Spoelma, 2014 ). However, the
research included no samples from the IT sector. This is one of the main reasons why we wanted
to study and investigate the organizational behavior of a group of IT professionals. Most OCB research has been conducted internationally, with the majority of the samples being
from the US (61%), in addition to Australia, Canada, China, Germany, Hong Kong, Korea, Mexico, Por-tugal, Singapore, Spain, Taiwan, UK and Venezuela. To the best of our knowledge, there is little or no
research concerning the OCB of IT professionals from Poland. Furthermore, there were no examples of articles or reports from research on OCB in Poland, in con-
trast to studies of OCB in psychology and management in developed economies (Kowal & Keplinger,2015 )."
10-1080_02681102-2018-1508402.pdf,Organiz,"We assumed that OCB and gender are relevant to the level of eﬃciency
of actions. 2.2. Gender
There is a need to update knowledge about the situation of female and male IT professionals in the
labor market; this naturally includes the IT industry. This need is con ﬁrmed by other authors, e.g. Robbins and Judge ( 2007 ). Our research is in response to this research gap regarding the organiz-
ational and individual aspects of behavior in the context of work and gender (Roztocki & Weistro ﬀer,
2015 ,2016 ). Other scholars have also pointed out the socially important role of gender. For example,
Mason ( 2000 ) emphasized that governments and societies should seek to eliminate gender inequal-
ities in order to promote social development. Gender di ﬀerences are important factors in the functioning of an organization. Such di ﬀerences
may be relevant in a variety of issues, including ethics and OCB and are likely to be important
factors in building organizational climate, job satisfaction and quality of life (Kowal & Roztocki,
2015 ). Gender inequalities are important issues that must be addressed in order to shape leadership
in an organization, its structure, strategy, culture, organizational climate, as well as personnel policy
(Stamarski & Hing, 2015 )."
10-1080_02681102-2018-1508402.pdf,Organiz,"Other scholars have also pointed out the socially important role of gender. For example,
Mason ( 2000 ) emphasized that governments and societies should seek to eliminate gender inequal-
ities in order to promote social development. Gender di ﬀerences are important factors in the functioning of an organization. Such di ﬀerences
may be relevant in a variety of issues, including ethics and OCB and are likely to be important
factors in building organizational climate, job satisfaction and quality of life (Kowal & Roztocki,
2015 ). Gender inequalities are important issues that must be addressed in order to shape leadership
in an organization, its structure, strategy, culture, organizational climate, as well as personnel policy
(Stamarski & Hing, 2015 ). The Gender Policy ( 2016 ) in the European Union expects the following goals: (1) stating an organ-
ization ’s commitment towards gender, (2) integrating gender concerns eﬀ ectively into an organiz-
ation ’s agenda and policy, (3) creating equal opportunities and a conducive environment for
women and men in a workplace, and (4) promoting the equal representation and participation ofwomen in decision making at professional and administrative levels. Naturally, this policy providesfurther impetus for the study of gender issues. Equal opportunities for both genders have been changing at an undesirable pace. The Global
Gender Gap Index 2015 ranks 145 economies according to how well they are leveraging theirfemale talent pool, based on economic, educational, health-based and political indicators
(Schwab et al., 2015 ). According to the GGG 2015 report, Poland is in the 51st position,
while Germany ranked much better in the 11th position. Moreover, the report indicated that
the German economy displayed much better performance in comparison to Poland."
10-1080_08870446-2017-1385785.pdf,NGO,"Full Terms & Conditions of access and use can be found at
http://www.tandfonline.com/action/journalInformation?journalCode=gpsh20
Download by:  [Gothenburg University Library] Date:  11 October 2017, At: 09:05
Psychology & Health
ISSN: 0887-0446 (Print) 1476-8321 (Online) Journal homepage: http://www.tandfonline.com/loi/gpsh20
Dietary planning, self-efficacy, and outcome
expectancies play a role in an online intervention
on fruit and vegetable consumption
Ralf Schwarzer, Lisa M. Warner, Lena Fleig, Maryam Gholami, Lluis Serra-
Majem, Joy Ngo, Luisella Cianferotti, Maria Kritikou, Piergiorgio Mossi,
Evangelia Ntzani & Maria L. Brandi
To cite this article:  Ralf Schwarzer, Lisa M. Warner, Lena Fleig, Maryam Gholami, Lluis
Serra-Majem, Joy Ngo, Luisella Cianferotti, Maria Kritikou, Piergiorgio Mossi, Evangelia Ntzani
& Maria L. Brandi (2017): Dietary planning, self-efficacy, and outcome expectancies play a
role in an online intervention on fruit and vegetable consumption, Psychology & Health, DOI:
10.1080/08870446.2017.1385785
To link to this article:  http://dx.doi.org/10.1080/08870446.2017.1385785
Published online: 09 Oct 2017. Submit your article to this journal 
Article views: 3
View related articles 
View Crossmark data
Dietary planning, self-ef ﬁcacy, and outcome expectancies play a role
in an online intervention on fruit and vegetable consumption
Ralf Schwarzera*, Lisa M. Warnera, Lena Fleiga, Maryam Gholamia,
Lluis Serra-Majemb, Joy Ngob, Luisella Cianferottic, Maria Kritikoud,
Piergiorgio Mossie, Evangelia Ntzanif,gand Maria L. Brandih
aDepartment of Psychology, Freie Universität Berlin, Berlin, Germany;bNutrition Research
Foundation, University of Barcelona Science Park, Barcelona, Spain;cDepartment of Surgery and
Translational Medicine, University of Florence, Florence, Italy;dHellenic Health Foundation,
Athens, Greece;eDepartment of Psychology, Istituto Scienti ﬁco Biomedico Euro Mediterraneo,
Mesagne, Italy;fDepartment of Hygiene and Epidemiology, University of Ioannina School of
Medicine, Ioannina, Greece;gCenter for Evidence-Based Medicine, Department of Health
Services, Policy and Practice, School of Public Health, Brown University, Providence, RI, USA;
hDepartment of Surgery and Translational Medicine, University of Florence, Florence, Italy
(Received 5 April 2017; accepted 18 September 2017 )
Objective :An online intervention to improve fruit and vegetable (FV) intake
examines the role of planning, outcome expectancies, self-ef ﬁcacy and gender. Women are not only expected to eat more FV than men, but they are alsoexpected to be more responsive to nutritional advice and bene ﬁt more from
treatment. Method :A two-arm digital intervention with 269 men and 395 women
(M
age= 41.2, SD age= 11.45; range: 19 –66 years) was conducted in Italy,
Spain and Greece, followed up at three and six months, comparing a staticwith a dynamic, feedback-intensive platform. Results :Linear mixed models yielded an increase in FV consumption in both
the dynamic and the static intervention arms. In men, outcome expectancieswere positively related to follow-up FV intake."
10-1080_08870446-2017-1385785.pdf,NGO,"106 –122). New York, NY: Guilford Press. Schwarzer, R. ( 2008 ). Modeling health behavior change: How to predict and modify the adoption
and maintenance of health behaviors. Applied Psychology, 57 (1), 1 –29. doi: 10.1111/j.1464-
0597.2007.00325.x
Schwarzer, R., Fleig, L., Warner, L. M., Gholami, M., Serra-Majem, L., Ngo, J., & Brandi, M. L.
(2016 ). Who bene ﬁts from a dietary online intervention? Evidence from Italy, Spain and
Greece. Public Health Nutrition, 20 , 938 –947. doi: 10.1017/S1368980016002913
Schwarzer, R., & Luszczynska, A. ( 2015 )."
10-1080_09540121-2019-1699641.pdf,Organiz,"Our
main goal was to compare the HRQoL of perinatally
infected patients with two groups: HIV-exposed but
uninfected and unexposed controls. Additionally,relationships with socio-demographic and clinical vari-
ables were estimated. Methods
Participants
The PHIV+ group in our study included 56 patients
of the Department of the Children ’s Infectious Dis-
eases Medical University of Warsaw aged 6 –18
© 2019 Informa UK Limited, trading as Taylor & Francis GroupCONTACT Anna Zielinska-Wieniawska ania.b.zielinska@gmail.com Department of Child and Adolescent Psychiatry, Medical University of Warsaw, Zwirki i
Wigury 63a, Warsaw 02-091, PolandAIDS CARE
https://doi.org/10.1080/09540121.2019.1699641years (all detailed in Table 1 ). The exclusion criteria
were: non-perinatal HIV infection, presence of other
chronic somatic illness, problems limitingcooperation, special education, lack of caregiver ’s
consent, or inability to communicate in Polish and
led to the exclusion of four (out of recruited 60)
patients. Two control groups were formed. The ﬁrst, perina-
tally HIV-exposed but uninfected (PHEU), consistedof 24 healthy children and adolescents with HIV-infected mothers recruited from ex-patients of the
department and clients of non-governmental organiz-
ations. No siblings of PHIV+ subjects were tested.The second included 43 subjects with uninfected
parents and with no HIV-infected family members
(HIV-unexposed uninfected; HUU). Despite oureﬀorts, the demographic similarity of all groups
could not be attained. The recruitment of PHEU
group turned out to be particularly challenging, prob-
ably due to the HIV-related stigma. The analysisrevealed that PHIV+ children were signi ﬁcantly
older, more often raised by foster or adoption families,and their parents had shorter education when com-pared with both control groups ( Tables 1 and 2).Measures
Both caregivers and children ﬁlled out (separately) The
Polish adaptation of the Pediatric Quality of Life Inven-
tory 4.0 (PedsQL) (Varni, Burwinkle, Seid, & Skarr, 2003 ;
Varni, Limbers, & Burwinkle, 2007 ; Varni, Seid, & Rode,
1999 ). In children, di ﬀerent versions of PedsQL were
used depending on the age of participants (5 –7, 8–12,
or 13 –18 years)."
10-1080_10803548-2018-1463670.pdf,Organiz,"In 557 
the light of the theory,  people look for work environments t hat are compatible with their 558 
preferred values, goals and personality traits. The factors that draw  employees with high 559 
levels of the DT traits to an organi zation are high salaries, prestige, the possibility of being in 560 
control , and access to resources [9]. A high level of job control  facilitates disruptive behavio r 561 
for people with high DT at least in two ways. First and foremost, high autonomy and freedom 562 
of action mean that they rarely have to consult with their supervisors reg arding any of their 563 
decisions. As such, actions are not ordinarily monitored by supervisors, which makes them 564 
more difficult to sanction. Moreover, high decision -making authorisation means more 565 
opportunities for people with high DT to present such devian t behavio r. Studies show that the 566 
career development of employees with high levels of DT traits depend s on organiz ational 567 
factors – e.g. the type of organi zation , as well as organiz ational culture, structure and 568 
leadership [4, 9]. For instance,  the DT traits  are most visible in cultures based on 569 
individualistic values, in organi zations with weak structures where the levels of job autonomy 570 
and freedom of operation are high , while control systems and the potential consequences of 571 
unethical behav iors are less significant [9, 30 ]. 572 
The obtained results partly correspond to previous studies on the moderating role of 573 
job control in the context of deviant behavior. Previous studies showed that in some 574 
situations (e.g. under stress) job control can have negative effects for the organisation [48, 575 
49, 50]."
10-1080_10803548-2018-1463670.pdf,Organiz,"The factors that draw  employees with high 559 
levels of the DT traits to an organi zation are high salaries, prestige, the possibility of being in 560 
control , and access to resources [9]. A high level of job control  facilitates disruptive behavio r 561 
for people with high DT at least in two ways. First and foremost, high autonomy and freedom 562 
of action mean that they rarely have to consult with their supervisors reg arding any of their 563 
decisions. As such, actions are not ordinarily monitored by supervisors, which makes them 564 
more difficult to sanction. Moreover, high decision -making authorisation means more 565 
opportunities for people with high DT to present such devian t behavio r. Studies show that the 566 
career development of employees with high levels of DT traits depend s on organiz ational 567 
factors – e.g. the type of organi zation , as well as organiz ational culture, structure and 568 
leadership [4, 9]. For instance,  the DT traits  are most visible in cultures based on 569 
individualistic values, in organi zations with weak structures where the levels of job autonomy 570 
and freedom of operation are high , while control systems and the potential consequences of 571 
unethical behav iors are less significant [9, 30 ]. 572 
The obtained results partly correspond to previous studies on the moderating role of 573 
job control in the context of deviant behavior. Previous studies showed that in some 574 
situations (e.g. under stress) job control can have negative effects for the organisation [48, 575 
49, 50]. For instance, employees experiencing strong interpersonal conflicts more often 576 
resort to deviant acts when they enjoy a high level of job control [48]."
10-1080_10803548-2018-1463670.pdf,Organiz,"How toxic employees get 687 
their way. Personality and Indi vidual Differences. 2012;52(4):449 -453. 688 
6. Spain SM, Harms, PD, Lebreton JM, The dark side of personality at work. J Organiz Beh. 689 
2013;1:1 -20. 690 
7. Scherer KT, Baysinger M, Zolynsky D, LeBreton JM, Predicting counterproductive work 691 
behaviors with sub -clinical psy chopathy. Beyond the five factor model of personality. 692 
Personality and Individual Differences."
10-1080_13803395-2017-1301392.pdf,NGO,"Neurotoxicology ,17(3), 793 –802. Bowler, R. M., Kornblith, E., Gocheva, V., Colledge, M.,
Bollweg, G., Kim, Y., . . . Lobdell, D. T. ( 2015 ). Environmental exposure to manganese in air:
Associations with cognitive functions. Neurotoxicology ,
49(139 –148), 139 –148. doi: 10.1016/j.neuro.2015.06.004
Bowler, R. M., Ngo, L., Hartney, C., Lloyd, K., Tager, I.,
Midtling, J., & Huel, G. ( 1997 ). Epidemiological health
study of a town exposed to chemicals. Environmental
Research ,72(2), 93 –108. doi: 10.1006/enrs.1996.3721
Chang, Y., Song, H. J., Lee, J. J., Seo, J. H., Kim, J. H., Lee, H.
J., . . . Jung, D. K. ( 2010 ). Neuroplastic changes within the
brains of manganese-exposed welders: Recruiting addi-
tional neural resources for successful motor performance."
10-1080_13803395-2018-1441379.pdf,Organiz,"Patients were encouraged
to share their memory problems and coping methods
as well as to express their preferences and positive or
negative attitudes toward different strategies. Their
individual needs were emphasized. The IT cognitive training sessions, which were each
run by a single psychologist (M.L., S.I., or J.S-H),
taught patients the same internal memory strategies
as those that were taught to the GT group. However,
the memory exercises were mostly provided by
employing professional computer software for cogni-
tive rehabilitation (Rehacom, Hasomed GmbH,
Magdeburg, Germany and Cogniplus, Schuhfried
GmbH, Moedling, Austria). Participants were encour-
aged to use memory strategies in exercises with diffi-
culty levels adjusted by the therapist according to each
participant ’s capability. The order and pace in which
different strategies were introduced and practiced were
determined by the therapist, but the general rule was to
start with basic and simple strategies, such as organiz-
ing information, followed by more advanced techni-
ques. All memory exercises were actively supervised by
the therapist. In addition, memory exercises were inter-
spersed with computerized attention training. This for-
mat is frequently used in individual cognitive
rehabilitation. Table 2 shows the content of the ITTable 1. Demographic and clinical characteristics of the patients who underwent group, individual, and no therapy and their
cognitive measures results at admission."
10-1080_20445911-2018-1499658.pdf,Fundusz,"The procedure was
implemented in R statistical package (R Core
Team, 2017 ). 2.6. EEG materials
2.6.1. Apparatus
The stimuli were displayed on a standard personal
computer monitor (LCD display; 15-inch diagonal).The stimuli and EEG data were synchronised usingTable 3. Words used in each condition. Arousal
Low Medium High
Subjective signi ﬁcance Low prasowanie
ironingnamiot
tentloteria
lotterypoganin
heathengalop
gallopsmok
dragon
seria
seriespauza
pauseimam
Imamsabat
Sabbathhazard
gambleharem
harem
orbitowanie
orbitwersja
versionmarsza łek
marshalolbrzym
giantstrza ł
shotszale ństwo
craze
aspekt
aspectklan
clangromada
troopbufor
buﬀerzombie
zombieparada
parade
zero
zeropasmo
bandsługa
servantszlachta
nobilitykoszary
barrackkrymina ł
thriller/jail
sﬁnksa
sphinxsmuga
strandakcent
accenthrabia
countwolt
voltsalwa
volley
echo
echomila
milewyłom
breachodcie ń
tintwampir
vampirecar
tsar
tenortenorplemi ę
tribekarykatura
pamphlet/caricature
Medium pó łnoc
northgamma
gammachrzest
baptisminteres
businesswojsko
armymłodzie ż
youth
mgie łka
hazegleba
soilulewa
downpourswada
zestdziewica
virginmutacja
mutation
kolor
colormilczenie
silencezaułek
alleyposag
dowrylabirynt
mazesprint
sprint
laik
laymanmieszkaniec
inhabitantjazda
ridezadatki
smackduch
spiritwyścig
race
arka
arksaga
sagapowie ść
novelwaga
weightmrok
gloomlesbijka
lesbian
połysk
shinetrasa
routegrupa
grouppróba
attemptbieganie
runningdoping
doping
fundusz
fundrzemios ło
craftpokaz
showmrugni ęcie
winkturbo
turboorgia
orgy
kawa łek
chunkposiadacz
possessorpromieniowanie
radiation
High poezja
poetryjednostka
unitwygl ąd
appearanceszczegó ł
detailgeniusz
geniusogie ń
ﬁre
wykonywanie
implementingemerytura
pensionpraca
labourdystans
distancepoprawka
amendmentbuntownik
rebel
krok
steplekcja
lessonprofesor
professorgłębia
profunditymajątek
fortuneekstrawertyk
extrovert
singiel
singlezasada
rulebud żet
budgetobserwowanie
observationzwyci ęzca
winnerburza
storm
osoba
persondokument
documentBiblia
Biblewpływ
inﬂuencemaniak
maniacwysi łek
eﬀort
istota
beingwoń
odoruwaga
notewymiana
exchangepłomie ń
ﬂamewynik
result
godzina
hourczyn
deednawyk
habitlekarstwo
medicinealarm
alert/alarmwładza
authority
zdanie
sentence/opinionﬁrma
businesssesja
sessionJOURNAL OF COGNITIVE PSYCHOLOGY 595a custom-made hardware trigger.1EEG activity was
recorded from 19 electrode sites, Fz, Cz, Pz, Fp1/2,
F7/8, F3/4, T7/8, C3/4, P7/P8, P3/4, O1/2, which
were referenced to linked earlobes, grounded onthe AFz and with impedances of 5 k Ωor less. The
signal was acquired using a Porti7 (TMSI) ampli ﬁer
with a sampling frequency of 1,024 Hz. 2.6.2. O ﬄine EEG signal processing
The oﬄine processing of the signal was performed
in Matlab® with the EEGLAB toolbox (Delorme &
Makeig, 2004 ). The signal was zero-phase ﬁltered
with a Butterworth second-order low-pass ﬁlter (cor-
responding to 12 dB/octave roll-o ﬀ) with half ampli-
tude cut-o ﬀfrequency = 30 Hz and a ﬁrst-order
high-pass ﬁlter (corresponding to 6 dB/octave roll-
oﬀ) with half amplitude cut-o ﬀfrequency = 0.01 Hz. Epochs from 200 ms before stimulus onset to
850 ms post-stimulus onset were extracted and
baseline-corrected (baseline data taken from −200
to 0 ms)."
10-1080_23279095-2019-1576691.pdf,Organiz,"Approximately 60 to 70% of patients
experience various degrees of these problems (Nash
et al., 2014 ; Colantonio & Comper, 2012 ; Hux,
Schneider, & Bennett, 2009 ) even several years postin-
jury (Jourdan et al., 2016 ). Disorders in these cogni-
tive domains typically include difficulties in focusing,
sustaining, and shifting attention, as well as acquisi-
tion, consolidation, and retrieval of information
(Backhaus, 2011 ). The most commonly used form of
treatment is cognitive training, which aims to either
restore function or to compensate for attentional and
memory deficiencies (Tate, 1997 ). Systematic reviews by Cappa et al. ( 2005 ), Cicerone
et al. ( 2011 ), the INCOG team (Velikonja et al., 2014 ),
and O ʼNeil-Pirozzi, Kennedy, and Sohlberg ( 2016 ) areconsistent in describing the most effective types of
intervention for mild memory disorders post TBI;
these include internal strategies training and the use
of external memory aids (such as notebooks, organiz-
ers, or prompting devices) by those with more severe
disorders. There is disagreement regarding the effect-
iveness of computer-based training for attention disor-
ders, with minimal support for decontextualized tasks. In contrast, metacognitive strategy training, focused
on functional everyday activities, is considered suffi-
ciently effective (Ponsford et al., 2014 ; Cicerone
et al., 2011 ). Considering the available scientific evidence, the
aforementioned interventions are highly recom-
mended for the rehabilitation of patients with post-
traumatic disorders of memory and attention. However, it should be remembered that their effects
are often small or moderate, especially if only
randomized controlled studies are considered (Elliott
& Parente, 2014 ; Rohling, Faust, Beverly, & Demakis,
2009 ). Observing the TBI population specifically, the
effect sizes obtained from single group studies can be
as high as 0.7 for memory treatment programs
CONTACT Marcin M. Le /C19sniak marcin.lesniak@uwr.edu.pl Institute of Psychology, University of Wroc ław, 1 Dawida Str., 50-527 Wroc ław, Poland."
10-1080_23279095-2019-1576691.pdf,Organiz,"Group therapy
The content of the group therapy program was struc-
tured and covered various aspects of recovery afterbrain injury. The groups consisted of three to six par-ticipants (including patients not enrolled on the study,
because they either did not have TBI or otherwise
meet inclusion criteria). Each group was led by aneuropsychologist facilitator. An assistant facilitator(usually a trainee psychologist) was engaged whererequired. Sessions typically included a review of the
previous therapy session, short questionnaires and
quizzes, interactive multimedia presentations, discus-sions, and brain storming. Patients were trained howAPPLIED NEUROPSYCHOLOGY: ADULT 3to use internal memory strategies (rehearsal, organiz-
ing material, making associations, using visualimagery, PQRST method, mental retracing, locimethod, errorless learning, and reducing distraction)as well as external aids (notebooks or prompting devi-
ces). Patients were encouraged to share their memory
problems and coping methods as well as express theirpreferences and positive or negative attitudes towarddifferent strategies. A detailed description of a grouptherapy program was included in a recent paper byLe/C19sniak, Mazurkiewicz, Iwa /C19nski, Szutkowska-Hoser,
and Seni /C19ow (2018 ). Individual therapy
The individual therapy program consisted of cognitive
training conducted with professional computer soft-
ware (RehaCom, Hasomed GmbH, Magdeburg,Germany and CogniPlus, Schuhfried GmbH, M €odling,
Austria). Participants were encouraged by a supervis-ing psychologist to use learned memory strategies inexercises with difficulty levels adjusted to each partici-pant’s capability. In these sessions, memory strategies
were tailored to individual patients."
10-1089_cyber-2018-0014.pdf,Fundusz,"Furthermore, the study relates to a Polish
population. As a consequence, further multicultural research
is needed to ﬁnd out whether similar relationships can beidentiﬁed in other countries. In the future, research shouldalso include the phenomenon of problematic social net-
working site use
38as one of the dimensions of the model, to
examine more comprehensively the relationship betweenPIU and the use of social networking sites. Note
a. We are grateful to an anonymous reviewer for raising
this important issue. Acknowledgment
This work was a part of the research projects co-funded
by Gambling Problem Solving Fund (Polish: Fundusz Roz-
wiaxzywania Problemo ´w Hazardowych), at the disposal of the
Minister of Health (No. 4/HM/2016 and 91/HM/2015). Author Disclosure Statement
No competing ﬁnancial interests exist. References
1. Tyler, TR. Is the Internet changing social life?"
10-1089_cyber-2019-0252.pdf,Fundusz,": interpretation of data for
the work. A.C., M.T., T.M., and M.D.G. : drafting the work. A.C., M.T., T.M., and M.D.G. : revising the work criticallyfor important intellectual content. Funding Information
This study was partly based on research project funded by
the Gambling Problem Solving Fund (Polish: Fundusz Roz-
wia˛zywania Problemo ´w Hazardowych), administered by the
Minister of Health (Nos. 190/HM/2017 and 164/HBK/2018). References
1. Pew Research Center. (2018) Social Media Update 2018.
https://www.pewinternet.org/2018/03/01/social-media-use-
in-2018/ (accessed Feb. 1, 2019). 2."
10-1097_jom-0000000000001226.pdf,Organiz,"Namely, it has been revealed that these fixed-term
workers have a higher work ability and exhibit higher levels of
work engagement and performance compared with manual fixed-
term workers. These effects are partially mediated by a high level of
PCF. Additionally, PCF has been shown to totally mediate the
relationship between higher SEP and good mental health of fixed-
term workers. Similar effects have been observed in general
population of workers who react ed to high PCF with affective
commitment, reduced turnover intentions, and better mental
health.49However, our study is the first to show that PCF is a
significant mediator between SEP a n dp h y s i c a lh e a l t h ,b o t hs e l f -
reported and confirmed by a medical doctor with WAI. Although
better work ability of non-manual workers compared with manual
workers has been consistently confirmed in the literature,50find-
ings show that even holding a manag erial position does not prevent
from a decline in work ability what further suggests the importance
of good psychosocial work conditions for maintaining work abil-
ity.51The recent evidence from 34 European countries confirms
this beneficial effect of good psychosocial work conditions on
workers’ psychological well-being and mental health.52,53How-
ever, having good working conditions seems particularly relevant
to the group of fixed-term workers as in their case it should
compensate employment insecurity and instability. In our study,
we showed that a high level of PCF ensures a ‘‘quality job’’ for
fixed-term workers, as it indicates a broad range of employers’
obligations which are of financia l and relational nature and more
importantly it also indicates a good match between what workers
expect from employers/organiz ations and what they are really
being offered. Contrarily, lower job quality and lower investments
on the part of employers have been listed as main risk factors for
temporary employment workers.5,19Among these investments,
trainings offered by an employer are commonly considered as
an important measure that enhanc es temporary worker’s employ-
ability.5,22,26,54,55C h a m b e le ta l56have shown that even blue-collar
temporary agency workers res pond reciprocally with higher
affective commitment when they consider that the training offered
by an employer facilitates their pos sibility of maintaining employ-
ment in the organization. Such opportunities seem also valuable forworkers who are more likely to accept their fixed-term contract as
they consider it as a stepping st one to a permanent employment. There seems to be a twofold explanation of our study’s main
conclusion that good physical and mental health and behaviors are
mainly accessible for fixed-term workers having higher SEP. On the
side of contextual factors, there is an absence of the policies that
enhance possibilities for development and employment opportuni-
ties for manual fixed-term workers on both national and organiza-
tional level.5,19,22,26,54On the personal side, the possible
explanation for this outcome is that workers with lower SEP have
poorer social and psychological capital, hence, poorer skills to
negotiate their PC with employers. Therefore, trainings for manual,
fixed-term workers who are deemed more vulnerable, could
enhance not only their employability but also proactivity and
self-management and subsequently improve their situation in the
labor market.5,19,57,58
LIMITATIONS
This cross-sectional study does not allow us to determine
whether being a manual fixed-term worker can result in poorer
physical and mental health and productivity or whether low health
and well-being, including a lower tendency for proactivity and self-
management, causes a worker to end up in lower quality temporary
employment. As the ’’healthy worker"" effect is strong in temporary
employment,59prospective studies should confirm our results."
10-1097_jom-0000000000001226.pdf,Organiz,"Tan H, Tan C. Temporary employees in Singapore: what drives them? J Psychol . 2002;136:83–102. 24. De Cuyper N, De Witte H. Volition, and reasons for accepting temporary
employment: associations with attitudes, well-being, and behavioral inten-
tions. Eur J Work Organiz Psychol . 2008;17:363–387. 25. Kauhanen M, Na ¨tti J. Involuntary temporary and part-time work, job quality
and well-being at work. Soc Indic Res ."
10-1097_jom-0000000000001226.pdf,Organiz,"Perceived
employability: investigating outcomes among involuntary and voluntary
temporary employees compared to permanent employees. Career Develop
Int. 2011;16:140–160. 56. Chambel MJ, Sobral F, Espada M, Curral L. Training, exhaustion, and
commitment of temporary agency workers: a test of employability percep-
tions. Eur J Work Organiz Psychol . 2015;24:15–30. 57. Hammarstro ¨m A, Virtanen P, Janlert U. Are the health consequences of
temporary employment worse among low educated than among high edu-
cated? Eur J Public Health ."
10-1108_jocm-04-2017-0137.pdf,Organiz,"Finally, we need new concepts and models 
for better job-fit solutions in the constantly chan ging world of work. This study highlights the importance of including c ultural aspects as job 
characteristics of great significance for improved recruitment procedures and employees’ 
work satisfaction. Both job demands and – in partic ular – job resources related to the 
cultural characteristics of the candidate or the em ployee may impact efficient work 
performance and productivity or unfavorable phenome na such as truancy, burnout, or low 
work satisfaction. For this reason, job analysis an d workplace descriptions require 
improvement and updating; the existing taxonomies s hould be extended to include the 
cultural dimension of the specific work environment  of a particular job position. This would 
contribute to the better and more adequate manageme nt of human resources and make for 
more conscious and efficient organizational culture  management at a very concrete job 
position level. The analysis of potential employees' capacities exp ressed in terms of cultural traits 
does not coincide with previous distinctions, as it  is based on a different theoretical 
background of job description paradigms and organiz ation culture theories. The cultural 
aspect of the job position opens a new perspective on workplace dimensions in recruitment, 
organizational change, and other human resource man agement challenges. The new 
approach requires an extended job position analysis  to contribute towards an increase in 
work-related well-being at the individual level, em erging not only from the cultural 
environment of the company but also from the concre te job position with its distinct culture. Downloaded by University of Canberra At 05:51 09 April 2018 (PT)
JOB POSITION CULTURE 
 
24 
 Summing up the requirements that managers set manag ement consultants, it is 
possible to observe a departure from static descrip tion of work in favor of defining the 
employee’s role or the culture of responsibility as  well as independence in problem solving 
and decision making. References 
Ames, G. M., Duke, M. R., Moore, R. S., & Cunradi, C . B. (2009)."
10-1177_0022022118784213.pdf,NGO,"Examining justice motives in a three-level cultural 
meta-analysis of organizational justice effects. Cross-Cultural Research: The Journal of Comparative 
Social Science, 47, 3-41.28 Journal of Cross-Cultural Psychology 00(0)
*Fischer, R., Harb, C., Al-Sarraf, S., & Nashabe, O. (2008). Support for resistance among Iraqi students: An 
exploratory study. Basic and Applied Social Psychology, 30, 167-175. *Foley, S., Ngo, H.-y, & Loi, R. (2006). Antecedents and consequences of perceived personal gender dis-
crimination: A study of solicitors in Hong Kong. Sex Roles, 55, 197-208. *Foster, M. D. (2000). Positive and negative responses to personal discrimination: Does coping make a dif-
ference? Journal of Social Psychology, 140, 93-106."
10-1177_1368430216684646.pdf,Organiz,"Building on a range of  theoretical traditions with a leading role of  the sexual stigma conceptual framework (Herek, 2009), we propose that regulations enforced by state institutions shape political engagement of  nonheterosexual individuals by sequentially affecting internalized homophobia and in-group identification. To verify our expec -
tations, we utilize the data obtained from LGB (lesbian, gay, and bisexual) individuals living in five East European countries (Croatia, Hungary, Latvia, Lithuania, and Poland) that differ signifi-cantly in the scope of  rights they guarantee to sexual minorities. Institutional Sexual Stigma
Despite the worldwide cultural change (Inglehart & Welzel, 2005), sexual stigma—“society’s shared belief  system through which homosexu-ality is denigrated, discredited, and constructed as invalid relative to heterosexuality” (Herek, 2009, p. 171)—still pervades our social life. The various areas of  its manifestations have been captured within the sexual stigma conceptual framework (Herek, 2009). As posited by this per -
spective, disapproval of  homosexuality may be expressed not only through the beliefs, feelings, and actions of  straight and nonheterosexual individuals, but also by social institutions. Institutional sexual stigma, also termed hetero-
sexism (Herek, 2009) or structural stigma (Hatzenbuehler, 2014), involves a set of  organiz-ing principles that either do not recognize the interests of  LGBTQI people or overtly subject this group to discrimination and denigration (Herek, 2009). Its instances differ in their severity and may be observed in various areas such as reli-gion, medicine, or law. In the present contribution, we focus on the legal aspect of  heterosexism. As pointed out by Herek (2009), legal mani-
festations of  sexual stigma may take at least three forms: (a) punishing sexual acts between two adult individuals of  the same sex (i.e., sodomy laws), (b) denying basic civil liberties to members of  sexual minorities (e.g., the “homosexual prop -
aganda” law in Russia), and (c) reinforcing the power differences between heterosexual majority and sexual minorities (e.g., the absence of  antidis-crimination laws in some European countries; International Lesbian, Gay, Bisexual, Trans and Intersex Association Europe [ILGA] Europe, 2015a, 2015b). Because such regulations effi -
ciently limit LGBs’ life opportunities, the need for change is at the core of  LGBTQI advocacy (ILGA Europe, 2015a). One may expect that heterosexist legal arrange -
ments would also translate into the activism of  sexual minorities."
10-1177_1476750317730652.pdf,Organiz,"London, UK: Cassell. Gini, G., Pozzoli, T., & Bussey, K. (2014). The role of individual and collective moral
disengagement in peer aggression and bystanding: A multilevel analysis. Journal of
Abnormal Child Psychology ,43(3), 441–452. Ginwright, S., & James, T. (2002). From assets to agents of change: Social justice, organiz-
ing, and youth development. New Directions for Youth Development ,96, 27–46. Hart, R. A. (2013). Children’s participation: The theory and practice of involving young citizens
in community development and environmental care . London and New York: Routledge."
10-1371_journal-pone-0203196.pdf,Organiz,"https:/ /doi.org/10.11 11/j.136 5-2923.2010 .03769.x
PMID: 210703 42
44. Foster G.Peasant society andtheimage oflimited good. American Anthropolo gist. 1965; 67(2): 293±
315. https://do i.org/10.1525 /aa.1965 .67.2.02a00010
45. Thompson L,Hastie R.Social percepti oninnegotiation. Organiz ational Behavior andHuman Decision
Processes. 1990; 47(1): 98±123. https://doi.or g/10.101 6/0749-5978 (90)90048 -e
46. Steinel W,Abele AE,DeDreu CK.Effects ofexperie nceandadvice onprocess andperform ance in
negotiations .Group Processes &Intergroup Relations. 2007; 10(4): 533±55 0.https://doi.or g/10.117 7/
13684302070 81541
47. Burleigh T.Your gain ismyloss: Anexaminatio nofzero-sum thinking with love inmulti-pa rtner romantic
relationships andwith grades intheuniversity classroom."
10-3389_fpsyg-2017-02318.pdf,Organiz,"Our aim was to test
thesepredictionsattheperson-organizationlevel.Acros sthreestudies,weexpectedand
foundthatafeelingrightexperiencethatresultsfromamat chbetweenanemployeeand
anorganizationalclimateproducesperceptionsthattheco mpany’sprevailingprocedures
are fair. In Study 1 ( N=300), a survey among employees of distinct companies, we
observed that the more organizational characteristics mat ched individual promotion and
prevention focus of the employees, the more the employees pe rceived their workplace
as just. Study 2 ( N=139), a randomized-control experiment, replicated this pa ttern by
demonstrating that individuals with a predominant promoti on focus assigned fairness
to the organizational conduct most strongly when they recal led events characterizing
a promotion-oriented environment; on the contrary, indivi duals with a predominant
prevention focus deemed their workplace most fair when they were asked to recall
prevention-related conduct of their company. In Study 3 ( N=376), a cross-sectional
ﬁeld study, we found that regulatory non-ﬁt was associated w ith lower procedural
justice perceptions and this, in turn, related to higher bur nout. Theoretical and practical
implications of applying regulatory ﬁt theory to person-or ganization relationships are
discussed. Keywords: regulatory focus, regulatory ﬁt, person-organiz ation ﬁt, procedural justice, job burnout, fairness
perception
INTRODUCTION
Substantial research on organizational justice attests to people being keenly attuned to matters of
justice in their workplace ( Brockner, 2016 ). Notably, many researchers emphasize that fairness
is not an objective concept but rather a psychological eﬀect, co nstructed by the recipient of the
procedure ( van den Bos, 2005 ). Thus, recent approaches to organizational justice have focu sed
on the nature of the mental shortcuts used in forming and applyin g psychological judgments of
fairness: the so-called fairness heuristics (Cropanzano et al., 2001 ). In this paper we consider the
principle of regulatory ﬁt (Higgins, 2000 ) as another potential contributor to employees’ fairness
judgments about organizational conduct; speciﬁcally, the ﬁ t between employee’s self-regulatory
focusandtheregulatoryfocusoftheirorganization. When performing tasks at work, individuals have preferred goal -pursuit strategies (e.g., John
prefers to make decisions quickly ) while at the same time they need to deal with the more or lessRoczniewska et al. Person-Organization Fit and Justice
formal rules that have been established in their companies
regarding which strategies should be used in goal pursuit (e. g.,
John’s company urges the employees to be careful and consider
diﬀerent options prior to making a decision in order not to ma ke
a mistake )."
10-3389_fpsyg-2017-02318.pdf,Organiz,"The participants in each condition were asked to
provide descriptions for all three events. This general techni que
forinducingregulatoryfocusbyhavingparticipantsrecallc ertain
events from the past has been previously validated in numerous
studies (e.g., Higgins et al., 1994; Liberman et al., 2001; Cesario
etal.,2004 ). Organizationaljustice
For the purpose of higher external validity ( Wojciszke, 2004 ),
we used a diﬀerent justice perception instrument. The perceived
fairness of organizational conduct was measured using a newly -
developed scale that consists of 5 items (e.g., “I consider the
conductinmyworkplacefair”; Roczniewska,2016 ).Participants
are asked to answer using a scale ranging from 1 (deﬁnitely
not) to 5 (deﬁnitely yes). The Cronbach’s alpha coeﬃcient
for the scale’s reliability was α=0.95. In validation studies
this instrument correlated highly with Colquitt’s organiz ational
justice scales ( r=0.84,p<0.001), supporting its validity
(Roczniewska,2016 ). Employee’sself-regulatoryfocus
Similarly to Study 1, we applied Work Regulatory Focus
Scale (Neubert et al., 2008 ) to measure the level of chronic
promotion ( α=0.81) and prevention ( α=0.81) foci from
the perspective of an individual. By subtracting each individ ual’s
prevention focus score from that individual’s promotion scor e,
we obtained a continuous focusvariable with values ranging
Frontiers in Psychology | www.frontiersin.org 7 January 2018 | Volume 8 | Article 2318Roczniewska et al. Person-Organization Fit and Justice
from−2.11 to 2.67 ( M= −0.34,SD=0.67). Values below 0
indicate a predominant prevention focus, whereas values abov e
0 indicate a predominant promotion focus (see, for example,
CesarioandHiggins,2008 ). Results and Discussion
Manipulation Control
First,twoindependentjudgesanalyzedtheresponseswithres pect
to whether they generally adhered to the task, and excluded
responses that were blank or did not follow the task1."
10-3390_ijerph18126625.pdf,Fundusz,"23. National Health Service Business Services Authority. Medicines Used in Mental Health England 2015/16 to 2019/20 ; National Health
Service Business Services Authority: London, UK, 2020. Available online: https://www.nhsbsa.nhs.uk/statistical-collections/
medicines-used-mental-health-england/medicines-used-mental-health-england-201516-201920 (accessed on 19 June 2021). 24. Narodowy Fundusz Zdrowia. NFZ o Zdrowiu: Depresja. Narodowy Fundusz Zdrowia ; NFZ: Warsaw, Poland, 2020. Available online:
https://ezdrowie.gov.pl/portal/home/zdrowe-dane/raporty/nfz-o-zdrowiu-depresja (accessed on 19 June 2021). 25. Gaspar, F.W."
10-3390_ijerph18126625.pdf,Fundusz,"Medicines Used in Mental Health England 2015/16 to 2019/20 ; National Health
Service Business Services Authority: London, UK, 2020. Available online: https://www.nhsbsa.nhs.uk/statistical-collections/
medicines-used-mental-health-england/medicines-used-mental-health-england-201516-201920 (accessed on 19 June 2021). 24. Narodowy Fundusz Zdrowia. NFZ o Zdrowiu: Depresja. Narodowy Fundusz Zdrowia ; NFZ: Warsaw, Poland, 2020. Available online:
https://ezdrowie.gov.pl/portal/home/zdrowe-dane/raporty/nfz-o-zdrowiu-depresja (accessed on 19 June 2021). 25. Gaspar, F.W. ; Zaidel, C.S. ; Dewa, C.S."
10-3390_jcm9123921.pdf,Fundusz,"; formal analysis, A.C.;
investigation, A.C.; data curation, A.C.; funding acquisition, A.C.; writing (original draft preparation), A.C., D.M.,
M.D.G. and D.J.K. ; writing (review and editing), D.M., M.D.G. and D.J.K. All authors have read and agreed to the
published version of the manuscript. Funding: This study was funded by the Gambling Problem Solving Fund (Polish: Fundusz Rozwi ˛ azywania
Problem ów Hazardowych), administered by the Minister of Health, grant number 303 /HE/2019. The APC was
funded by The John Paul II Catholic University of Lublin. Conﬂicts of Interest: The authors declare no conﬂict of interest. References
1. Elphinston, R.A.; Noller, P . Time to face it! Facebook intrusion and the implications for romantic jealousy
and relationship satisfaction."
10-4119_ijcv-3774.pdf,NGO,"Political 
Analysis 18 (4): 450–69. Winiewski, Mikołaj, Karolina Hansen, Michał Bilewicz, 
Wiktor Soral, Aleksandra Świderska, and Dominika Bul -
ska. 2017. Contempt Speech, Hate Speech: Report from Re -
search on Verbal Violence against Minority Groups . War-
saw, Poland: Stefan Batory Foundation. http://www.ngo-
fund.org.pl/wp-content/uploads/2017/02/
Contempt_Speech_Hate_Speech_Full_Report.pdf
World Jewish Congress. 2018. Anti-Semitic Symbols and 
Holocaust Denial in Social Media Posts: January 2018 . 
https://www.worldjewishcongress.org/en/news/holo -
caust-denial-and-anti-semitism-on-social-media-up-30-
percent-in-january-2018-compared-to-2016-wjc-report-
finds-2-3-2018"
10-5114_ain-2017-68443.pdf,Związ,"Takie 
ujęcie, w którym czas teraźniejszy właśnie doświad -
czany i przeżywany jest centralnym układem odnie -
sienia, dominuje zarówno w  kulturze Wschodu, jak 
i w nurcie fenomenologicznym psychologii. Podejście 
fenomenologiczne odwołuje się do pojęć bliskich  
filozofii i opisuje wymiary perspektywy czasowej jako 
fenomeny, czyli zjawiska, które jawią się podmiotowi 
bezpośrednio w poznaniu zmysłowym i mogą rów -
nież stanowić zespół spostrzeżeń wewnętrznych. Perspektywa czasowa
Według Zimbardo i Boyda [3] perspektywa cza -
sowa to subiektywny proces, dzięki któremu każdy 
człowiek porządkuje osobiste doświadczenia, po -
sługując się kategoriami czasowymi: przeszłością, 
czyli tym, co się wydarzyło, teraźniejszością – tym, 
co jest, oraz przyszłością – tym, co nastąpi. Ponad -
to nastawienie do czasu nie tylko organizuje sferę 
poznawczą, lecz także wpływa na emocje, zacho -
wania i  myśli jednostki. Na rodzaj perspektywy 
czasowej podmiotu oddziałują również kultura, 
wykształcenie, miejsce zamieszkania oraz zabu -
rzenia emocjonalne. Zimbardo i Boyd [3] wyróż -
nili sześć rodzajów perspektywy czasowej:
1) przeszłą negatywną ( past-negative ), polegającą na 
rozpamiętywaniu porażek, bolesnych doświad -
czeń z  przeszłości, czyli na potrzebie cofnięcia 
czasu i naprawienia popełnionych błędów;
2) przeszłą pozytywną ( past-positive ), cechującą 
się powracaniem do pozytywnych wspomnień 
wywołujących przyjemne uczucia, przywią -
zaniem do tradycyjnych wartości związanych 
z rodziną, jej rytuałami;
3) teraźniejszą fatalistyczną ( present-fatalistic ), cha -
rakteryzującą się przekonaniem o braku wpływu 
na życie sterowane przez przezna czenie, w związ -
ku z  tym wolicjonalne podejmowanie nowych 
aktywności i wyznaczanie celów jest pozbawione 
sensu;62
Wioletta Radziwiłłowicz, Izabela Karolewska
© 2017 Institute of Psychiatry and Neurology. Production and hosting by Termedia sp. z o.o. This is an open access article under the CC BY-NC-ND license (http://creativecommons.org/licenses/by-nc-nd/4.0/)
afforded by decisions taken is paramount what -
ever the consequences; 
5) future, which is the  planning of  each day, 
the prediction of the results of actions and be -
haviour and the capacity to delay gratification; 
6) transcendental-future characteristic of religious 
belief and is faith in the existence of a soul and 
life after death while the present is only a stage 
on the journey to eternity. Considering the  Narcotics Anonymous phi -
losophy of the Twelve Steps and the study matter 
of this work, it ought to be mentioned that studies 
on the experience of time lead also to the emer -
gence of a holistic perspective of the present [3]. Thanks to meditation or mindfulness, time may 
be experienced as a whole that unites past, pres -
ent and future elements of  physical, psychic and 
spiritual life."
10-5114_ain-2019-90999.pdf,Związ,"They tend to duplicate 
the  harmful pattern inherited from childhood, 
which they wanted to avoid in adulthood, and this 
has a significant effect on their satisfaction with life 
and sense of happiness. They seem not to identify 
themselves with the harmful mother, yet they de-
velop the same strategies of behaviour in romantic 
relationships in adult life [39]. There are currently many therapeutic approach-
es to the  problem of  co-dependence that lead to better social functioning and more satisfying ro-nerów  [36], a  także Woititz, która podkreślała 
w tych relacjach wzajemną zależność i lęk przed 
niezależnością [9]. Po analizie odpowiedzi na szczegółowe py-
tania należy odpowiedzieć na pytanie główne o to czy postawa rodzicielska współuzależnionej 
matki pozostaje w  związku z  jakością więzi jej 
córki w dorosłym życiu. Otrzymane wyniki eks-
ploracyjnych badań ilościowych i  jakościowych 
upoważniają do twierdzącej odpowiedzi na to 
pytanie. Brak adekwatnej opieki rodzicielskiej 
(odrzucająca postawa matki) pozostaje w związ-
ku z  trudnościami w  funkcjonowaniu społecz-
nym i tworzeniu więzi przez córki w dorosłości. Duża potrzeba akceptacji i  równocześnie duże 
poczucie osamotnienia towarzyszące kobietom z syndromem DDA spowodowały rozwijanie się 
specyficznych systemów obronnych (strategii adaptacyjnych) polegających na nadmiernym 
troszczeniu się o  innych i  idealizacji życiowego partnera  [37]. Niemal 90% badanych kobiet re-
prezentowało pozabezpieczne style przywiąza-nia, z tego prawie połowa styl lękowo-unikający 
(zdezorganizowany), a  podczas wywiadu wska-
zywało na trudności w tworzeniu bliskich relacji. Nie bez znaczenia w  tym kontekście pozostaje 
fakt, że ponad połowa kobiet podczas badania 
twierdziła, iż aktualnie jest samotna. Wyniki przedstawionych badań potwier -
dzają założenie o  międzypokoleniowej trans-
misji dysfunkcjonalnych wzorców zachowania 
w  rodzinach z  problemem alkoholowym. Oso-
by z  syndromem DDA na skutek wychowania 
w  specyficznym środowisku są narażone na 
zwiększone ryzyko tworzenia z  partnerami za-
burzonych relacji cechujących się dysfunkcyj-
nymi zachowaniami [38: 81]."
10-5114_cipp-2020-94261.pdf,Związ,"The Polish sample 
was very homogeneous with regard to race and eth -
nicity. The vast majority of participants completed 
paper/pencil questionnaires; only approximately one 
quarter ( n  =  141; 25.77%) completed the question -
naires online. The respondents were informed about 
the purpose of the study and agreed to participate. The instruction assured them of the voluntary nature of participation as well as anonymity. measures
The following measurement tools were used in the present research: 
The Support in Intimate Relationships Rating Scale – 
Revised (SIRRS-R). The Polish version of the SIRRS-R (in Polish: Skala Oceny Wsparcia w Bliskich Związ-
kach) is a self-report questionnaire of 25 items that are evaluated on a 5-point Likert scale ranging from 0 (never) to 4 (almost always). The Polish version was 
prepared in accordance with the above-described 
principles and is included in the appendix (see Ap-pendix – SIRRS-R in Polish/English version). The Polish version of the Berlin Social Support Scales 
(BSSS – developed by Schulz & Schwarzer, 2003 and adapted to Polish by Łuszczyńska et  al., 2006). Re-ceived partner support was assessed using one of the subscales (Actually Received Social Support). This subscale consists of 15 items, including statements such as: “This person is feeling bad”, “This person encouraged me to give up”. Responses ranged from 1 (completely untrue) to 4 (completely true)."
10-5114_ppn-2019-84354.pdf,Związ,"Adolescents characterized by greater strength of both these processes turned out to flexibly deal with stress more often. Conclusions:  Temperamental characteristics determine adolescents’ flexibility in coping with stress. Coping flexibility depends also 
on their self-assessed socioeconomic status and health. Key words:   adolescence, temperament, coping flexibility, KERS-14A. ISSN: 1230-2813 volume 26 / Issue 1 2017
ADVANCES IN 
PSYCHIATRY & NEUROLOGY
POSTĘPY 
Psychiatrii i NeurologiiADVANCES IN 
PSYCHIATRY & NEUROLOGY
POSTĘPY 
Psychiatrii i NeurologiiORIGINAL ARTICLE / ARTYKUŁ ORYGINALNY
Correspondence to/  
Adres do korespondencji: 
Agnieszka Kruczek  
Department of Clinical Psychology  
Institute of Psychology  
Kazimierz Wielki University  
1 Leopolda Staffa St.  
85-867 Bydgoszcz, Poland  
e-mail: agnesview@gmail.com
Submitted/ Otrzymano:  29.07.2018
Accepted/ Przyjęto do druku: 16.12.2018Adv Psychiatry Neurol 2019; 28 (1): 4-20
DOI: https://doi.org/10.5114/ppn.2019.84354
Streszczenie
Cel: Temperament odzwierciedla się w indywidualnym sposobie reagowania na sytuacje życiowe. Celem prezentowanych badań 
było określenie roli cech temperamentalnych dla elastyczności w radzeniu sobie ze stresem w grupie młodzieży oraz ocena związ -
ków między cechami demograficznymi i psychospołecznymi młodzieży a elastycznością w radzeniu sobie ze stresem. Metody:  Do badań zakwalifikowano łącznie 368 adolescentów (131 chłopców i 236 dziewcząt) w wieku od 15 do 20 lat. Średnia wieku 
w grupie badanej wyniosła M = 17,26 ( SD = 1,90) roku. W badaniach wykorzystano Kwestionariusz Elastyczności w Radzeniu Sobie 
ze Stresem dla Młodzieży KERS-14A autorstwa Małgorzaty A. Basińskiej i wsp., Kwestionariusz Temperamentu PTS autorstwa Jana 
Strelaua i Bogdana Zawadzkiego oraz ankietę własną. Wyniki: Temperament jest istotnym statystycznie predyktorem dla elastyczności w radzeniu sobie ze stresem i jej wymiarów. Wy -
jaśnia on zmienność elastyczności w radzeniu sobie ze stresem w 12%, a jej aspektów, odpowiednio, w 6% zmienność stosowanych  
strategii, w 20% kompetencji zaradczych i w 7% refleksyjności."
10-5114_ppn-2019-84354.pdf,Związ,"[47]. Rola temperamentu w  radzeniu sobie ze stresem 
u młodzieży była już dotychczas obserwowana. Koncep -
cja elastyczności w radzeniu sobie jako stosunkowo nowa 
nie została jednak dotychczas zweryfikowana w kontek -
ście powiązań z właściwościami temperamentalnymi i za -
radczymi u adolescentów. Przegląd literatury przedmiotu, zarówno polskiej, jak 
i  światowej, pozwala wnioskować, że występują związki 
między elastycznością w  radzeniu sobie a  temperamen -
tem [50], prężnością [51] i wewnętrznym umiejscowieniem 
kontroli [52] u młodych dorosłych. Relacja między cechami 
temperamentu a elastycznością w radzeniu sobie ze stresem 
była jednak rzadko analizowana w tej populacji. W związ -
ku z tym jako cel badań przyjęto: określenie powiązań cech 
temperamentalnych z poziomem elastyczności w radzeniu 
sobie ze stresem w  grupie młodzieży oraz ocenę związku 
cech demograficznych i  psychospołecznych młodzieży 
z elastycznością w radzeniu sobie ze stresem. Adekwatnie do celu badań sformułowano następujące 
pytania badawcze:
1. Jaki charakter ma związek cech temperamentalnych 
z elastycznością w radzeniu sobie ze stresem w grupie 
młodzieży? 2. Czy występują związki pomiędzy cechami demogra -
ficznymi i  psychospołecznymi młodzieży a  jej ela -
stycznością w radzeniu sobie ze stresem? METODY
Do badań zakwalifikowano  łącznie 368 adolescentów 
(131 chłopców i 236 dziewcząt) w wieku od 15 do 20 lat."
10-5114_ppn-2019-86254.pdf,Związ,"Tendencja do refleksyjnego przetwarzania infor -
macji korelowała dodatnio z  wymiarem alternatyw ela-styczności poznawczej oraz z  elastycznością w  radzeniu sobie ze stresem, szczególnie z  wymiarami zmienności stosowania strategii i z refleksyjnością w radzeniu sobie ze stresem. Badani, którzy byli bardziej skłonni przetwarzać otaczającą rzeczywistość w  sposób refleksyjny, byli bar -
dziej elastyczni – cechowała ich większa umiejętność do-strzegania i tworzenia alternatywnych rozwiązań sytuacji trudnych oraz zdolność do zmiany zastosowanych strategii radzenia sobie w  sytuacji, gdy zauważali, że zastosowa-na metoda była nieskuteczna. Wykazywali także większą gotowość do zastanawiania się nad zastosowanym sposo-bem radzenia sobie. Nie stwierdzono związków istotnych statystycznie między tendencją do ruminacji i do refleksji a  elastycznością poznawczą. Otrzymane wyniki potwier -
dzają zakładany kierunek zależności, choć nie wszystkie wymiary były skorelowane istotnie statystycznie. W związ-ku	z tym	H1	może	być	przyjęta	tylko	częściowo. Ruminacja i refleksja a elastyczność w radze-
niu sobie – mediacyjna rola lęku i depresji
W	hipotezie	 H2	założono,	 że	depresja	i lęk	odgrywają	
rolę mediatorów między ruminacją i refleksją a elastycz-table 2. Coefficients of correlation between the analyzed variables (N = 100)
tabela 2. Współczynniki korelacji między analizowanymi zmiennymi (N = 100)
variables/zmienne 1 2 3 4 5 6 7 8 9 10 11
Rumination/Ruminacja (1) 1.00
Reflection/Refleksja (2) 0.10 1.00
Coping flexibility/Elastyczność 
w radzeniu sobie (3)−0.11 0.27**1.00
Repertoire/Repertuar (4) −0.21*0.17 0.88***1.00
Variability/Zmienność (5) −0.07 0.28**0.95***0.76***1.00
Reflectiveness/Refleksyjność (6) 0.01 0.26**0.72***0.44***0.60***1.00
Self-assessed depression/Samoocena 
depresji (7)0.26**−0.06 −0.20*−0.23*−0.19 −0.08 1.00
Self-assessed anxiety/Samoocena lęku (8) 0.34**0.03 −0.14 −0.18 −0.14 −0.01 0.63***1.00
Cognitive flexibility/Elastyczność poznawcza (9)−0.11 0.18 0.45
***0.43***0.40***0.30**−0.11 −0.15 1.00
Control subscale/Podskala kontroli (10) −0.31**0.03 0.29**0.32**0.29**0.10 −0.17 −0.22*0.75***1.00
Alternatives subscale/ Podskala alternatyw (11)0.10 0.23
*0.41***0.37***0.35***0.35***−0.02 −0.04 0.84***0.28**1.00
* p < 0.05; ** p < 0.01; *** p < 0.001Reflective-ruminative tendencies and coping flexibility in patients with non-specific inflammatory bowel diseases
Tendencja do refleksji – ruminacji a elastyczność w radzeniu sobie w grupie osób z nieswoistymi chorobami zapalnymi jelit107should be mediated by depression and anxiety. Regression 
analysis was conducted in order to verify this hypothesis. In mediation analysis the  classical procedure of  statistical reasoning proposed by Reuben M. Baron and David A. Kenny [23] was used."
10-5114_pson-2017-77298.pdf,Związ,"Można do nich zaliczyć tzw. pozytywne religijne radzenie sobie czy stopień organizacji religijności. Redukcja negatywnego religijnego radzenia sobie sprzyjała obniżeniu psychologicznego dystresu w grupie 
chorych na raka [31]. Szczególnie istotną rolę od-grywała religijność i/lub duchowość u osób, dla 
których wiara okazała się ważnym aspektem życia, 
dlatego istotne jest, by personel leczący umiał iden-
tyfikować takie jednostki i wspierać ich przekona-
nia w celu zapewniania kompleksowej opieki [32]. Duże badania z udziałem chorych onkologicznie 
pokazały, że wewnętrzna religijność (intrinsic reli-
giousness) i kontrola związana z religijnym radze-
niem sobie są powiązane z różnymi wymiarami 
ich dobrego samopoczucia [33]. Dotychczasowe wyniki badań dotyczące związ-
ku między elastycznym radzeniem sobie ze stre-
sem a zasobami osobistymi nie są zbyt bogate. Bardziej elastyczne w radzeniu sobie ze stresem 
okazały się te osoby zdrowe, które miały więcej zasobów: prężność i nadzieję [34]. Badania osób 
chorych przewlekle potwierdziły, że bardziej ela-styczni byli chorzy o wyższym poczuciu koheren-
cji i większej duchowości [35].Podsumowując, należy podkreślić, że transak-
cyjny model stresu i radzenia sobie wskazuje na 
rolę oceny stresu w przystosowaniu do choroby. Ocena poznawcza doświadczanych zdarzeń wraz 
z zasobami osobistymi mają istotne znaczenie 
w przystosowaniu się do sytuacji choroby onkolo -
gicznej [8]. Cel badań i problemy badawcze
Za cel badań postawiono sobie, po pierwsze, 
określenie charakteru relacji między elastycznym 
radzeniem sobie ze stresem a zasobami osobisty -
mi – prężnością i nadzieją – wśród pacjentów cho -
rych onkologicznie oraz sprawdzenie, czy poczucie 
stresu modyfikuje ten związek. Po drugie, autorów niniejszej pracy interesowało, czy wiek oraz czas 
trwania choroby modyfikują relację między ela-
stycznym radzeniem sobie ze stresem a zasobami 
badanych."
10-5114_pson-2017-77298.pdf,Związ,"Wbrew oczekiwaniom wyniki przeprowadzonych ana-liz ujawniły, że napięcie emocjonalne osób bada-nych nie było różnicowane przez nawrót choroby. W kontekście wyżej omówionych rezultatów badań 
sugerowałoby to, że subiektywna percepcja sytuacji choroby, nie zaś jej obiektywne warunki, jest bar -
dziej istotna dla umiejętności wykorzystania zaso -
bów osobistych (nadziei) sprzyjających elastyczne-mu radzeniu sobie ze stresem wśród pacjentów. Interpretację tę wydają się wspierać rezultaty 
analiz autorów niniejszej pracy, których przedmio -
tem była ocena moderacyjnej roli wieku oraz czasu trwania choroby między analizowanymi zmienny -
mi. Zarówno etap życia, jak i długość trwania cho -
roby nie modyfikowały relacji między zasobami osobistymi (prężnością, nadzieją) pacjentów onko -
logicznych a elastycznością stosowanych środków 
zaradczych. Wnioski
Podsumowując wyniki niniejszych badań, nale-
ży podkreślić, że rola prężności oraz nadziei jako 
zasobów osobistych w badanej próbie pacjen-
tów jest zróżnicowana, a potencjalny mechanizm 
kształtowania elastyczności w radzeniu sobie ze 
stresem choroby jest odmienny w przypadku obu 
zasobów. Prężność pozostaje w prostym związ-
ku z większą elastycznością w radzeniu sobie ze 
stresem niezależnie od uwzględnionych w bada-
niu moderatorów. Z kolei relacja między nadzieją 
a elastycznością w radzeniu sobie nie ma prostego 
charakteru – nadzieja wraz z podwymiarami sta-
nowi istotny zasób jedynie wśród osób charakte-ryzujących się niższym napięciem emocjonalnym, 
a nawrót choroby nie różnicuje poczucia stresu. Wskazuje to na podstawowe znaczenie subiektyw -
nej oceny sytuacji dokonywanej przez pacjentów 
dla ich adaptacji do choroby. Wnioski płynące z badań zawierają ważne im-
plikacje kliniczne, istotne z perspektywy oddzia-
ływań psychologicznych adresowanych do grupy pacjentów onkologicznych. Zasobem jednoznacz-
nie związanym z elastycznością stosowanych środ-
ków zaradczych, którego rozwój warto wspierać niezależnie od poziomu doświadczanego poczucia 
stresu, wieku pacjenta czy czasu trwania choroby 
nowotworowej, jest prężność. Szczególnie kształ-
towanie postawy otwartości na nowe doświadcze-
nia, postrzegania życia jako wyzwania, jak rów -
nież zdolność do doświadczania obok przykrych stanów emocjonalnych – wpisanych niewątpliwie 
w sytuację choroby przewlekłej – także emocji po -
zytywnych mogą zapewnić lepszą adaptację do choroby [12, 45, 50]."
