,fullname,uni_name
5,Dorota Ackermann-Szulgit,Wyższa Szkoła Bankowa w Toruniu
12,Adam Grzegorz Adamski,Wyższa Szkoła Bezpieczeństwa w Poznaniu
13,Anna Katarzyna Akbaş,Akademia Wychowania Fizycznego im. Jerzego Kukuczki w Katowicach
16,Maria Aleksandrowicz,Akademia Pomorska w Słupsku
19,Beata Andrzejewska,Wyższa Szkoła Bankowa w Toruniu
28,Małgorzata Artymiak,Wyższa Szkoła Ekonomii i Innowacji w Lublinie
37,Katarzyna Awruk,Akademia Ekonomiczno-Humanistyczna w Warszawie
40,Ewa Bajer,Górnośląska Wyższa Szkoła Handlowa im. Wojciecha Korfantego w Katowicach
49,Bibianna Beata Bałaj,Uniwersytet Mikołaja Kopernika w Toruniu
74,Paulina Maria Baran,Wojskowy Instytut Medycyny Lotniczej
83,Mateusz Julian Barłóg,Wyższa Szkoła Europejska im. Ks. Józefa Tischnera w Krakowie
86,Natalia Bartosz,KGHM CUPRUM sp. z o.o. Centrum Badawczo-Rozwojowe
93,Jakub Bartoszewski,Akademia Nauk Stosowanych w Koninie
97,Monika Baryła-Matejczuk,Wyższa Szkoła Ekonomii i Innowacji w Lublinie
99,Joanna Basiaga-Pasternak,Akademia Wychowania Fizycznego im. Bronisława Czecha w Krakowie
102,Beata Aleksandra Basińska,Politechnika Gdańska
113,Daria Becker-Pestka,Wyższa Szkoła Bankowa  z siedzibą w Gdańsku
125,Magdalena Bendryn,Wyższa Szkoła Bezpieczeństwa w Poznaniu
127,Ewa Bensz-Smagała,Górnośląska Wyższa Szkoła Handlowa im. Wojciecha Korfantego w Katowicach
140,Marta Białecka,Uniwersytet Mikołaja Kopernika w Toruniu
146,Anita Białuńska,Akademia Ekonomiczno-Humanistyczna w Warszawie
162,Marcin Biernacki,Wojskowy Instytut Medycyny Lotniczej
166,Anna Dorota Bilon-Piórko,Dolnośląska Szkoła Wyższa z siedzibą we Wrocławiu
172,JAN BLECHARZ,Akademia Wychowania Fizycznego im. Bronisława Czecha w Krakowie
181,Wojciech BŁAŻEK,Akademia Marynarki Wojennej im. Bohaterów Westerplatte
182,Małgorzata Błądek-Kolatorska,Wyższa Szkoła Menedżerska w Warszawie
185,Katarzyna Anna Błońska,Uniwersytet Opolski
190,Lucyna Hanna Bobkowicz-Lewartowska,Wyższa Szkoła Bezpieczeństwa w Poznaniu
195,Beata Boćwińska-Kiluk,Uniwersytet w Białymstoku
197,Jarosław Bogaczewicz,Akademia Ekonomiczno-Humanistyczna w Warszawie
201,Ewa Bojarska,Akademia Wychowania Fizycznego im. Eugeniusza Piaseckiego w Poznaniu
202,Anna Teresa Bokszczanin,Uniwersytet Opolski
219,Dorota Borek-Chudek,Akademia Nauk Stosowanych Wincentego Pola w Lublinie
225,Monika Maria Borowska,Uniwersytet Papieski Jana Pawła II w Krakowie
227,Edyta Borys,Uniwersytet Warmińsko-Mazurski w Olsztynie
238,Krzysztof Brocławik,Wyższa Szkoła Biznesu - National Louis University z siedzibą w Nowym Sączu
255,Monika Buczek,Wyższa Szkoła Europejska im. Ks. Józefa Tischnera w Krakowie
258,Jacek Buczyński,Uczelnia Nauk Społecznych
266,Joanna Burdzicka-Wołowik,Akademia Wychowania Fizycznego Józefa Piłsudskiego w Warszawie
278,Wiesława Caputa,Wyższa Szkoła Bankowa w Poznaniu
290,Andrzej Chmiel,Akademia Techniczno-Humanistyczna w Bielsku-Białej
296,Gabriela Chojnacka-Szawłowska,Wyższa Szkoła Bankowa  z siedzibą w Gdańsku
309,Agnieszka Chułek,Collegium Balticum - Akademia Nauk Stosowanych z siedzibą w Szczecinie
313,Alina Ewa Chyczewska,Akademia Nauk Stosowanych w Elblągu
316,Ewelina Cichoń,Wyższa Szkoła Bankowa w Toruniu
334,Mieczysław Ciosek,Akademia Medycznych i Społecznych Nauk Stosowanych
345,Marcin Cybulski,Uniwersytet Medyczny im. Karola Marcinkowskiego w Poznaniu
348,Tomasz Cyrkot,Dolnośląska Szkoła Wyższa z siedzibą we Wrocławiu
353,Wojciech Eustachy Czajkowski,"Wyższa Szkoła Bezpieczeństwa Publicznego i Indywidualnego ""Apeiron"" w Krakowie"
356,Klaudia Agata Czapla-Dziedzic,Państwowa Wyższa Szkoła Techniczno-Ekonomiczna im. ks. Bronisława Markiewicza w Jarosławiu
361,Marta Czarnecka-Iwańczuk,Uniwersytet Medyczny im. Karola Marcinkowskiego w Poznaniu
366,Alicja Elżbieta Czerkawska,Dolnośląska Szkoła Wyższa z siedzibą we Wrocławiu
373,Mirosława Czerniawska,Politechnika Białostocka
379,Tadeusz Czochra,Staropolska Akademia Nauk Stosowanych w Kielcach
382,Magdalena Czyżewska,Wyższa Szkoła Informatyki i Zarządzania z siedzibą w Rzeszowie
388,Simone Dalla Bella,Akademia Ekonomiczno-Humanistyczna w Warszawie
395,Aneta Zofia Dąbrowska,Uniwersytet Warmińsko-Mazurski w Olsztynie
401,Piotr Dehnel,Dolnośląska Szkoła Wyższa z siedzibą we Wrocławiu
406,Romuald Derbis,Uniwersytet Opolski
411,Paweł Gustaw Dębski,Śląski Uniwersytet Medyczny w Katowicach
415,Paweł Dobrakowski,Wyższa Szkoła Humanitas w Sosnowcu
419,Witold Dobrołowicz,Akademia Ekonomiczno-Humanistyczna w Warszawie
421,Małgorzata Dobrowolska,Politechnika Śląska
424,Emilia Dolata,Wyższa Szkoła Wychowania Fizycznego i Turystyki w Białymstoku
429,Grażyna Dolińska-Zygmunt,Wyższa Szkoła Bankowa w Toruniu
453,Joanna Anna Dreszer,Uniwersytet Mikołaja Kopernika w Toruniu
461,Predrag Duric,Akademia Polonijna w Częstochowie
462,Iryna Durkalevych,Karpacka Państwowa Uczelnia w Krośnie
468,Dorota Dyjakon,Wyższa Szkoła Bankowa w Toruniu
469,Tadeusz Dyk,Pomorski Uniwersytet Medyczny w Szczecinie
471,Joanna Dymecka,Uniwersytet Opolski
473,Marzena Dymek-Maciejewska,Wyższa Szkoła Bankowa w Warszawie
495,MARZANNA FARNICKA,Uniwersytet Zielonogórski
501,Jakub Aleksander Filipkowski,Uniwersytet Opolski
510,Robert Florkowski,Akademia Wychowania Fizycznego im. Eugeniusza Piaseckiego w Poznaniu
514,Małgorzata Anna Foryś-Nogala,Akademia Ekonomiczno-Humanistyczna w Warszawie
516,Tomasz Jacek Franc,Uniwersytet Papieski Jana Pawła II w Krakowie
535,Anna Gala-Kwiatkowska,Akademia Wychowania Fizycznego Józefa Piłsudskiego w Warszawie
537,Anita Izabela Gałuszka,Górnośląska Wyższa Szkoła Handlowa im. Wojciecha Korfantego w Katowicach
545,Zbigniew Bronisław Gaś,Wyższa Szkoła Ekonomii i Innowacji w Lublinie
551,Katarzyna Gawlicz,Dolnośląska Szkoła Wyższa z siedzibą we Wrocławiu
555,Dagmara Paulina Gawron,Uniwersytet Zielonogórski
560,Maria Gaziova,Collegium Humanum - Szkoła Główna Menedżerska
570,Rafał Janusz Gerymski,Uniwersytet Opolski
571,Agata Gierczak,Politechnika Rzeszowska im. Ignacego Łukasiewicza
575,Jacek Janusz Gierus,Akademia Ekonomiczno-Humanistyczna w Warszawie
580,Alicja Głębocka,Wyższa Szkoła Bankowa we Wrocławiu
587,Michał Miłosz Główczewski,Uniwersytet Mikołaja Kopernika w Toruniu
609,Jolanta Góral-Półrola,Staropolska Akademia Nauk Stosowanych w Kielcach
617,Adrianna Grabizna,Uniwersytet Zielonogórski
621,Olga Maria Grabowska-Chenczke,Uniwersytet Przyrodniczy w Poznaniu
637,SŁAWOMIRA ANNA GRUSZEWSKA,Collegium Balticum - Akademia Nauk Stosowanych z siedzibą w Szczecinie
643,Ewa Grygiel,Państwowa Wyższa Szkoła Zawodowa w Nowym Sączu
645,Iwona Katarzyna Gryniuk-Toruń,Staropolska Akademia Nauk Stosowanych w Kielcach
649,Marek Juliusz Grzegorek,Politechnika Gdańska
650,Iwona Alicja Grzegorzewska,Uniwersytet Zielonogórski
652,MARIA KATARZYNA GRZEGORZEWSKA,Akademia Górniczo-Hutnicza im. Stanisława Staszica w Krakowie
661,Judyta Edyta Gulatowska,Uniwersytet Mikołaja Kopernika w Toruniu
663,Ewa Maria Gurba,Uniwersytet Papieski Jana Pawła II w Krakowie
665,Michał Gusin,Wyższa Szkoła Bankowa w Toruniu
667,Małgorzata Anna Gut,Uniwersytet Mikołaja Kopernika w Toruniu
671,Michał Gwiżdż,Uniwersytet Papieski Jana Pawła II w Krakowie
673,Ewa Gwozdecka-Wolniaszek,Górnośląska Wyższa Szkoła Handlowa im. Wojciecha Korfantego w Katowicach
689,Mirosław Harciarek,Wyższa Szkoła Humanitas w Sosnowcu
703,Anna Hibner,Wyższa Szkoła Gospodarki w Bydgoszczy
706,Agnieszka Hłobił,Politechnika Koszalińska
721,Kenneth Bo-Ingvar Holmqvist,Uniwersytet Mikołaja Kopernika w Toruniu
728,Lidia Huber,Akademia Nauk Stosowanych im. Księcia Mieszka I w Poznaniu
734,Katarzyna Idzikowska,Akademia Leona Koźmińskiego w Warszawie
745,Szczepan Iwański,Instytut Psychiatrii i Neurologii
753,Jan Andrzej Jagiełło,Papieski Wydział Teologiczny we Wrocławiu
760,Zdzisława Janiszewska-Nieścioruk,Uniwersytet Zielonogórski
770,Konrad Janowski,Akademia Ekonomiczno-Humanistyczna w Warszawie
779,Lilianna Ewa Jarmakowska-Kostrzanowska,Uniwersytet Mikołaja Kopernika w Toruniu
781,Tomasz Andrzej Jarmakowski-Kostrzanowski,Uniwersytet Mikołaja Kopernika w Toruniu
785,Paulina Anna Jarosz,Staropolska Akademia Nauk Stosowanych w Kielcach
788,Arkadiusz Mirosław Jasiński,Uniwersytet Opolski
798,Kamil Jaworski,Wyższa Szkoła Menedżerska w Warszawie
803,Aleksandra Maria Jędryszek-Geisler,Wyższa Szkoła Menedżerska w Warszawie
815,Agata Juruć,Akademia Nauk Stosowanych w Koninie
823,Milena Kaczmarczyk,Uniwersytet Warmińsko-Mazurski w Olsztynie
826,Bożydar Kaczmarek,Wyższa Szkoła Ekonomii i Innowacji w Lublinie
835,Marcin Kalinowski,Wyższa Szkoła Bankowa  z siedzibą w Gdańsku
842,Alicja Kalus,Uniwersytet Opolski
844,PIOTR KAŁOWSKI,Akademia Ekonomiczno-Humanistyczna w Warszawie
856,Jagoda Karalus,Uniwersytet Medyczny im. Karola Marcinkowskiego w Poznaniu
862,Zofia Agnieszka Kardasz,Uniwersytet Opolski
863,Emilia Kardaś-Grodzicka,Akademia Pomorska w Słupsku
866,Anna Karolczak,Uniwersytet w Białymstoku
878,Grzegorz Jarosław Kata,Wyższa Szkoła Ekonomii i Innowacji w Lublinie
884,Anatolii Kibysh,Wyższa Szkoła Bezpieczeństwa w Poznaniu
886,Andrzej Kiejna,Wyższa Szkoła Bankowa w Toruniu
890,Julita Kielińska,Uniwersytet Humanistyczno-Przyrodniczy im. Jana Długosza w Częstochowie
891,Ewa Cecylia Kiełek-Rataj,Uniwersytet Opolski
893,Krzysztof Kiełkiewicz,Akademia Ekonomiczno-Humanistyczna w Warszawie
895,Michał Kierzkowski,Akademia Muzyczna im. Stanisława Moniuszki w Gdańsku
896,Monika Kisielewska,Uniwersytet w Białymstoku
898,Ryszard Klamut,Politechnika Rzeszowska im. Ignacego Łukasiewicza
903,Angelika Kleszczewska- Albińska,Wyższa Szkoła Menedżerska w Warszawie
908,Ewa Klimas-Kuchta,Górnośląska Wyższa Szkoła Handlowa im. Wojciecha Korfantego w Katowicach
909,Wioletta Klimczak,Wyższa Szkoła Bankowa w Toruniu
911,Piotr Klimczyk,Państwowa Uczelnia im. Stefana Batorego
921,Katarzyna Knopp,Uniwersytet Przyrodniczo-Humanistyczny w Siedlcach
925,Remigiusz Koc,Wyższa Szkoła Gospodarki w Bydgoszczy
926,Iwona Ewa Kocemba,Akademia Humanistyczno-Ekonomiczna w Łodzi
929,Andrzej Bartłomiej Kokiel,Wyższa Szkoła Bankowa w Poznaniu
930,Magdalena Kolańska - Stronka ,Uniwersytet Zielonogórski
931,Krzysztof Kolecki,Wyższa Szkoła Bezpieczeństwa w Poznaniu
936,Agnieszka Kolek,Państwowa Uczelnia Zawodowa im. Ignacego Mościckiego w Ciechanowie
937,Marcin Stanisław Kolemba,Uniwersytet w Białymstoku
938,Marcin Kolwitz,Pomorski Uniwersytet Medyczny w Szczecinie
940,SABINA KOŁODZIEJ,Akademia Leona Koźmińskiego w Warszawie
963,Anna Lucyna Koprowicz,Akademia Pomorska w Słupsku
965,Aleksander Korchut,Dolnośląska Szkoła Wyższa z siedzibą we Wrocławiu
972,Elżbieta Kornacka-Skwara,Uniwersytet Humanistyczno-Przyrodniczy im. Jana Długosza w Częstochowie
989,Magdalena Anna Kostyła,Uniwersytet Medyczny w Łodzi
991,Ryszard Kościelak,Akademia Ekonomiczno-Humanistyczna w Warszawie
994,Agnieszka Izabela Kotarba,Uniwersytet Medyczny w Łodzi
1005,Jacek Kowalczyk,Akademia Pomorska w Słupsku
1012,Łukasz Paweł Kowalik,Akademia Leona Koźmińskiego w Warszawie
1016,SYLWESTER KOWALSKI,Politechnika Morska w Szczecinie
1018,Maria Zofia Kozielska,Wyższa Szkoła Bezpieczeństwa w Poznaniu
1023,Daria Maria KOZŁOWSKA,Wyższa Szkoła Bezpieczeństwa w Poznaniu
1031,Magdalena Barbara Kraczla,Wyższa Szkoła Bankowa w Poznaniu
1044,Dariusz Krok,Uniwersytet Opolski
1045,Ewa Krokosz,Szkoła Wyższa Wymiaru Sprawiedliwości
1054,Nadia Kruszyńska,Uniwersytet Medyczny im. Karola Marcinkowskiego w Poznaniu
1059,Piotr Krzywicki,Państwowa Uczelnia Zawodowa we Włocławku
1062,Ewelina Krzyżowska,Politechnika Częstochowska
1065,Aleksandra Maria Kubiak,Uniwersytet Zielonogórski
1066,Elżbieta Kubińska,Uniwersytet Ekonomiczny w Krakowie
1080,Julita Kazimiera Kuczyńska,Instytut Psychiatrii i Neurologii
1090,Grzegorz Kulik,Państwowa Wyższa Szkoła Zawodowa w Nysie
1106,Roman  Łukasz Kurzeja,Państwowa Wyższa Szkoła Zawodowa w Nowym Sączu
1116,Marek Kuźnik,Wyższa Szkoła Humanitas w Sosnowcu
1121,Agnieszka Renata Kwiatkowska,Wyższa Szkoła Bezpieczeństwa w Poznaniu
1136,Ilona Laskowska-Levy,Akademia Ekonomiczno-Humanistyczna w Warszawie
1147,Artur Lemiński,Pomorski Uniwersytet Medyczny w Szczecinie
1148,Giuseppe Leonardi,Akademia Ekonomiczno-Humanistyczna w Warszawie
1154,Monika Zofia Lewandowska,Uniwersytet Mikołaja Kopernika w Toruniu
1162,Maria Antonina Lewicka,Uniwersytet Mikołaja Kopernika w Toruniu
1176,Mariusz Józef Lipowski,Akademia Wychowania Fizycznego i Sportu im. Jędrzeja Śniadeckiego w Gdańsku
1200,KINGA MARTYNA ŁAGOWSKA,Uniwersytet Technologiczno-Humanistyczny im. Kazimierza Pułaskiego w Radomiu
1204,Kamila Anna Łaszewska,Uniwersytet Mikołaja Kopernika w Toruniu
1214,Jacek Adam Łukasiewicz,Wyższa Szkoła Ekonomii i Innowacji w Lublinie
1218,Andrzej Łukasik,Uniwersytet Rzeszowski
1227,Gabriela Monika Machaczek,Akademia Techniczno-Humanistyczna w Bielsku-Białej
1228,Anita Karolina Machaj,Wyższa Szkoła Bezpieczeństwa w Poznaniu
1231,Anna Machnik-Czerwik,Uniwersytet Opolski
1232,HENRYK JÓZEF MACHOŃ,Politechnika Opolska
1239,ANNA MACKO,Akademia Leona Koźmińskiego w Warszawie
1241,Ewa Magier-Łakomy,Wyższa Szkoła Bankowa  z siedzibą w Gdańsku
1249,Natalia Majchrzak,Wyższa Szkoła Bezpieczeństwa w Poznaniu
1255,Mariusz Makowski,Uniwersytet Ekonomiczny w Krakowie
1271,Zbigniew Paweł Małysz,Wyższa Szkoła Menedżerska w Warszawie
1280,Katarzyna Kinga Marchewka,Wyższa Szkoła Biznesu - National Louis University z siedzibą w Nowym Sączu
1282,Ewa Marcisz-Dyla,Akademia Górnośląska im. Wojciecha Korfantego w Katowicach
1283,MIŁOSZ MARCYSIAK,Państwowa Uczelnia Zawodowa im. Ignacego Mościckiego w Ciechanowie
1288,Mateusz Marek,Uniwersytet Papieski Jana Pawła II w Krakowie
1289,Andrzej Stanisław Margasiński,Uniwersytet Humanistyczno-Przyrodniczy im. Jana Długosza w Częstochowie
1292,Katarzyna Małgorzata Markiewicz,Wyższa Szkoła Ekonomii i Innowacji w Lublinie
1294,Piotr Markiewicz,Uniwersytet Warmińsko-Mazurski w Olsztynie
1296,ŁUKASZ MARKIEWICZ,Akademia Leona Koźmińskiego w Warszawie
1301,Emilia Elżbieta Martynowicz,Wyższa Szkoła Bankowa w Poznaniu
1306,Magdalena Maria Marzec,Uniwersytet Warmińsko-Mazurski w Olsztynie
1308,Agnieszka Anna Mateja,Wyższa Szkoła Humanitas w Sosnowcu
1312,Alina Matlakiewicz,Wyższa Szkoła Bankowa w Toruniu
1314,Patrycjusz Matwiejczuk,Wyższa Szkoła Menedżerska w Warszawie
1315,KAROL MAUSCH,Akademia im. Jakuba z Paradyża
1324,Grażyna Mendecka,Górnośląska Wyższa Szkoła Handlowa im. Wojciecha Korfantego w Katowicach
1336,Anna Magdalena Michalska,Politechnika Bydgoska im. Jana i Jędrzeja Śniadeckich
1345,Łukasz Roland Miciuk,Uniwersytet Mikołaja Kopernika w Toruniu
1350,Agnieszka Katarzyna Miklewska,Uniwersytet Humanistyczno-Przyrodniczy im. Jana Długosza w Częstochowie
1351,Rafał Milner,Uniwersytet Mikołaja Kopernika w Toruniu
1362,Tomasz Augustyn Misiuro,Uniwersytet Zielonogórski
1364,Ewa Misterska,Wyższa Szkoła Bezpieczeństwa w Poznaniu
1368,Piotr Modzelewski,Akademia Pomorska w Słupsku
1369,Ewa Mojs,Uniwersytet Medyczny im. Karola Marcinkowskiego w Poznaniu
1379,Paulin Moszczyński,Tarnowska Szkoła Wyższa z siedzibą w Tarnowie
1384,Barbara Maria Mróz,Uniwersytet Opolski
1393,Joanna Mydlarska,Akademia Nauk Stosowanych im. Księcia Mieszka I w Poznaniu
1396,Dominika Myślińska,Wyższa Szkoła Komunikacji Społecznej w Gdyni
1397,Teresa Myśliwiec,Wyższa Szkoła Europejska im. Ks. Józefa Tischnera w Krakowie
1401,Elżbieta Wiesława Napora,Uniwersytet Humanistyczno-Przyrodniczy im. Jana Długosza w Częstochowie
1403,Wojciech Marek Napora,Uniwersytet Humanistyczno-Przyrodniczy im. Jana Długosza w Częstochowie
1404,PATRYCJA Monika NARĘKIEWICZ,Akademia Morska w Szczecinie
1408,Joanna Nawrocka,Wyższa Szkoła Bezpieczeństwa w Poznaniu
1421,Tomasz Niemiec,Wyższa Szkoła Bankowa w Toruniu
1429,Łukasz Andrzej Nikel,Uniwersytet Zielonogórski
1430,Andrzej Nikitorowicz,Państwowa Uczelnia Zawodowa im. prof. Edwarda F. Szczepanika w Suwałkach
1431,Jan Nikołajew,Wyższa Szkoła Bankowa w Poznaniu
1440,Katarzyna Karolina Nosek-Komorowska,Wyższa Szkoła Bankowa  z siedzibą w Gdańsku
1448,KATARZYNA AGNIESZKA NOWAK,Uniwersytet Technologiczno-Humanistyczny im. Kazimierza Pułaskiego w Radomiu
1452,Agnieszka Nowakowska-Kaliszuk,Uniwersytet w Białymstoku
1467,Rafał Ohme,Wyższa Szkoła Bankowa w Toruniu
1472,MICHAŁ OLECH,Gdański Uniwersytet Medyczny
1474,Karolina Oleksa-Marewska,Wyższa Szkoła Bankowa w Poznaniu
1486,Sylwia Olszewska,Wyższa Szkoła Bankowa w Poznaniu
1489,Jacek Konrad Olszewski,Wyższa Szkoła Humanitas w Sosnowcu
1508,Krystyna Ostapiuk,"Wyższa Szkoła Zarządzania ""Edukacja"" we Wrocławiu"
1516,Grzegorz Pajestka,Uniwersytet Opolski
1518,Maciej Paluch,Wyższa Szkoła Bezpieczeństwa w Poznaniu
1524,Daniel Pankowski,Akademia Ekonomiczno-Humanistyczna w Warszawie
1532,Jacek Andrzej Pasternak,Uniwersytet Rzeszowski
1533,Aneta Iwona Pasternak,Wyższa Szkoła Menedżerska w Warszawie
1550,Marta Pawelec,Wyższa Szkoła Ekonomii i Innowacji w Lublinie
1555,Justyna Pawlak,Uniwersytet Ekonomiczny w Krakowie
1572,Joanna Piekarska,Akademia Ekonomiczno-Humanistyczna w Warszawie
1573,Maja Elżbieta Piekut,Małopolska Uczelnia Państwowa im. rotmistrza Witolda Pileckiego w Oświęcimiu
1575,Kamila Jadwiga Pierchała,Małopolska Uczelnia Państwowa im. rotmistrza Witolda Pileckiego w Oświęcimiu
1590,Katarzyna Joanna Piotrowska,Akademia Leona Koźmińskiego w Warszawie
1611,Przemysław Piwowarczyk,Wyższa Szkoła Bezpieczeństwa w Poznaniu
1613,Zdzisław Ples,Podkowiańska Wyższa Szkoła Medyczna im. Zofii i Jonasza Łyko w Podkowie Leśnej
1614,Mieczysław Plopa,Akademia Ekonomiczno-Humanistyczna w Warszawie
1621,Joanna Weronika Płotnikowska,Uniwersytet Mikołaja Kopernika w Toruniu
1646,Wiesław Piotr Poleszak,Wyższa Szkoła Ekonomii i Innowacji w Lublinie
1665,Robert Czesław Porzak,Wyższa Szkoła Ekonomii i Innowacji w Lublinie
1674,Anna Ewa Potyka,Politechnika Śląska
1676,Magdalena Prentka,Gnieźnieńska Szkoła Wyższa Milenium z siedzibą w Gnieźnie
1691,Piotr Przybylski,Uniwersytet Zielonogórski
1693,HANNA PRZYBYŁA-BASISTA,Akademia Ekonomiczno-Humanistyczna w Warszawie
1697,Ewa Małgorzata Pudłowska,Wyższa Szkoła Gospodarki Euroregionalnej im. Alcide De Gasperi w Józefowie
1702,Joanna Putkiewicz-Aleksandrowicz,Instytut Fizjologii i Patologii Słuchu
1706,Joanna Ewa Pyrkosz-Pacyna,Akademia Górniczo-Hutnicza im. Stanisława Staszica w Krakowie
1710,Żaneta Rachwaniec,Śląski Uniwersytet Medyczny w Katowicach
1717,Beata Rajba,Wyższa Szkoła Bankowa w Toruniu
1723,Tomasz Rak,Uniwersytet Papieski Jana Pawła II w Krakowie
1724,Jarosław Marek Rakoczy,Uniwersytet Medyczny w Łodzi
1725,Halina Rarot,Politechnika Lubelska
1728,Karolina Ratajczak,Akademia Wychowania Fizycznego im. Eugeniusza Piaseckiego w Poznaniu
1729,Zofia Ratajczak,Górnośląska Wyższa Szkoła Handlowa im. Wojciecha Korfantego w Katowicach
1732,Marta Rawińska,Akademia Ekonomiczno-Humanistyczna w Warszawie
1753,Aleksandra Maria Rogowska,Uniwersytet Opolski
1764,Małgorzata Romanowska,Uniwersytet Medyczny im. Karola Marcinkowskiego w Poznaniu
1765,Tatiana Ronginska,Uniwersytet Zielonogórski
1767,Robert Tomasz ROSA,Akademia Sztuki Wojennej
1770,Renata Rosmus,Górnośląska Wyższa Szkoła Handlowa im. Wojciecha Korfantego w Katowicach
1774,Agnieszka Roszkowska,Akademia Techniczno-Humanistyczna w Bielsku-Białej
1777,Magdalena Rozmus,Wyższa Szkoła Nauk Społecznych z siedzibą w Lublinie
1785,Patrycja Rudnicka,Akademia Sztuk Pięknych w Katowicach
1786,Sylwia Rudnicka,Akademia Polonijna w Częstochowie
1787,Paweł Rudnicki,Dolnośląska Szkoła Wyższa z siedzibą we Wrocławiu
1790,Joanna Rudzińska-Wojciechowska,Akademia Leona Koźmińskiego w Warszawie
1791,Marta Małgorzata Rukat,Uniwersytet Warmińsko-Mazurski w Olsztynie
1805,Jan Michał Rybak,Politechnika Rzeszowska im. Ignacego Łukasiewicza
1811,Ludmiła Rycielska,Instytut Badań Edukacyjnych
1825,Marta Małgorzata Rzadkiewicz,Warszawski Uniwersytet Medyczny
1827,Ewa Rzechowska,Niepaństwowa Wyższa Szkoła Pedagogiczna w Białymstoku
1831,Ludmila Sadovnicova,Wyższa Szkoła Bankowa w Poznaniu
1833,Mariusz Sagan,Szkoła Główna Handlowa w Warszawie
1838,Aleksandra Anna Samełko,Akademia Wychowania Fizycznego Józefa Piłsudskiego w Warszawie
1846,Monika Joanna Sawicka,Uniwersytet Warmińsko-Mazurski w Olsztynie
1848,PRZEMYSŁAW SAWICKI,Akademia Leona Koźmińskiego w Warszawie
1856,Małgorzata Sekułowicz,Akademia Wychowania Fizycznego we Wrocławiu
1866,Andrzej Sędek,Uniwersytet Przyrodniczo-Humanistyczny w Siedlcach
1870,Volodymyr Shakhov,Staropolska Akademia Nauk Stosowanych w Kielcach
1872,Elżbieta Siarkiewicz,Dolnośląska Szkoła Wyższa z siedzibą we Wrocławiu
1878,Małgorzata Siekańska,Akademia Wychowania Fizycznego im. Bronisława Czecha w Krakowie
1887,Julia Ewa Sikorska,Uniwersytet Mikołaja Kopernika w Toruniu
1892,Małgorzata Sitarczyk,Wyższa Szkoła Ekonomii i Innowacji w Lublinie
1897,Katarzyna Skałacka,Uniwersytet Opolski
1899,Anna Barbara Skiert,Wyższa Szkoła Nauk Społecznych z siedzibą w Lublinie
1902,Katarzyna Skok,Uniwersytet w Białymstoku
1907,Natalia Skrzyczewska,Uniwersytet Zielonogórski
1910,Anna Izabela Skuzińska,Akademia Medycznych i Społecznych Nauk Stosowanych
1913,Radosław Paweł Sławomirski,Wyższa Szkoła Bezpieczeństwa w Poznaniu
1915,Aneta Katarzyna Słowik,Dolnośląska Szkoła Wyższa z siedzibą we Wrocławiu
1929,Jagna Sobierajewicz,Wyższa Szkoła Bezpieczeństwa w Poznaniu
1936,Izabela Maria Solarczyk,Wyższa Szkoła Finansów i Zarządzania w Białymstoku
1939,Paulina Joanna Soliwoda,Wyższa Szkoła Menedżerska w Warszawie
1948,Irena Sorokosz,Akademia Nauk Stosowanych w Elblągu
1958,Agnieszka Maria Springer,Wyższa Szkoła Bankowa w Poznaniu
1959,Ryszard Stach,Wyższa Szkoła Europejska im. Ks. Józefa Tischnera w Krakowie
1961,Ryszard Stachowski,Akademia Ekonomiczno-Humanistyczna w Warszawie
1964,Katarzyna Joanna Staniewska,Uniwersytet Warmińsko-Mazurski w Olsztynie
1966,Jan Stanik,Wyższa Szkoła Zarządzania Ochroną Pracy w Katowicach
1968,Ewa Stanisławiak,Akademia Ekonomiczno-Humanistyczna w Warszawie
1970,Maia Stanisławska-Kubiak,Uniwersytet Medyczny im. Karola Marcinkowskiego w Poznaniu
1974,Małgorzata Anna Stańczak,Uniwersytet Warmińsko-Mazurski w Olsztynie
1996,Bogusław Stelcer,Uniwersytet Przyrodniczy w Poznaniu
1998,Marcin Stencel,Wyższa Szkoła Ekonomii i Innowacji w Lublinie
1999,Agnieszka Anna Stetkiewicz-Lewandowicz,Uniwersytet Medyczny w Łodzi
2006,Małgorzata Stolarska,Wyższa Szkoła Europejska im. Ks. Józefa Tischnera w Krakowie
2009,Jagoda Stompór-Świderska,Uniwersytet Papieski Jana Pawła II w Krakowie
2025,Wojciech Grzegorz Styk,Wyższa Szkoła Menedżerska w Warszawie
2030,Anna Maria Suchańska,Wyższa Szkoła Bankowa w Poznaniu
2037,Monika Surawska,Akademia Nauk Stosowanych w Łomży
2044,Agata Szabała,Państwowa Wyższa Szkoła Zawodowa w Chełmie
2045,Izabela Marianna Szafarczyk,Uczelnia Nauk Społecznych
2050,Jan Szałański,Akademia Nauk Stosowanych Gospodarki Krajowej w Kutnie
2061,Alicja Szczygieł,Uniwersytet Ekonomiczny w Krakowie
2066,Jarosław Wojciech Szczygieł,Wyższa Szkoła Humanitas w Sosnowcu
2067,Aleksandra Agnieszka Szczygieł,Państwowa Uczelnia im. Stefana Batorego
2079,Agnieszka Szołtek,Wyższa Szkoła Policji w Szczytnie
2081,Alicja Elżbieta Szostkiewicz,Wyższa Szkoła Bankowa  z siedzibą w Gdańsku
2087,Cezary Szpytma,Politechnika Rzeszowska im. Ignacego Łukasiewicza
2089,Dobrochna Maria Sztajerska,Małopolska Uczelnia Państwowa im. rotmistrza Witolda Pileckiego w Oświęcimiu
2116,Patryk Szymański,Akademia Sztuk Pięknych im. Jana Matejki w Krakowie
2121,Magdalena Ewa Ścigała,Uczelnia Techniczno-Handlowa im. Heleny Chodkowskiej
2131,Katarzyna Śliwińska,Uniwersytet Mikołaja Kopernika w Toruniu
2143,Ewa Świerczek,Państwowa Wyższa Szkoła Zawodowa w Raciborzu
2147,Izabela Taborska ,Staropolska Akademia Nauk Stosowanych w Kielcach
2155,Jolanta Ewa Tarapata,Wojskowa Akademia Techniczna im. Jarosława Dąbrowskiego
2156,Bartłomiej Michał Tarkowski,Akademia Muzyczna im. Grażyny i Kiejstuta Bacewiczów w Łodzi
2159,Andrzej Tarłowski,Akademia Ekonomiczno-Humanistyczna w Warszawie
2161,Adam Tarnowski,Uniwersytet Mikołaja Kopernika w Toruniu
2183,Krzysztof Tadeusz Tokarski,Wyższa Szkoła Bankowa  z siedzibą w Gdańsku
2193,Marzena Maria Tomczak,Akademia Wychowania Fizycznego im. Eugeniusza Piaseckiego w Poznaniu
2210,Justyna Lilianna Trepka-Starosta,Górnośląska Wyższa Szkoła Handlowa im. Wojciecha Korfantego w Katowicach
2211,Maciej Piotr Trojan,Uniwersytet Mikołaja Kopernika w Toruniu
2214,Elżbieta Trylińska Tekielska,Wyższa Szkoła Rehabilitacji w Warszawie
2237,Halina Alicja Tumolska,Wyższa Szkoła Bezpieczeństwa w Poznaniu
2241,Wioletta Kornelia Tuszyńska-Bogucka,Wyższa Szkoła Ekonomii i Innowacji w Lublinie
2245,TADEUSZ TYSZKA,Akademia Leona Koźmińskiego w Warszawie
2249,Joanna Kamilla Ulatowska,Uniwersytet Mikołaja Kopernika w Toruniu
2250,Grażyna Iwona Urbanik-Papp,Wyższa Szkoła Europejska im. Ks. Józefa Tischnera w Krakowie
2258,Małgorzata Walczak,Akademia Wychowania Fizycznego im. Eugeniusza Piaseckiego w Poznaniu
2259,Radosław Bartosz Walczak,Uniwersytet Opolski
2268,Zuzanna Wałach-Biśta,Akademia Wychowania Fizycznego im. Jerzego Kukuczki w Katowicach
2269,Katarzyna Warchoł-Biedermann,Uniwersytet Medyczny im. Karola Marcinkowskiego w Poznaniu
2270,Marcin Warmiński,Uniwersytet Warmińsko-Mazurski w Olsztynie
2275,Barbara Ewa Wawak-Sobierajska,Akademia Nauk Stosowanych im. Księcia Mieszka I w Poznaniu
2277,Małgorzata Wąsacz,Uniwersytet Rzeszowski
2278,Grażyna Zofia Wąsowicz,Akademia Leona Koźmińskiego w Warszawie
2283,Jacek Wezgraj,Politechnika Koszalińska
2291,Katarzyna Wiejak,Instytut Badań Edukacyjnych
2292,Agnieszka Wielgus,Szkoła Wyższa im. Pawła Włodkowica w Płocku
2294,Joanna Małgorzata Wieprow,Wyższa Szkoła Bankowa we Wrocławiu
2295,Agnieszka Wieprzycka,Górnośląska Wyższa Szkoła Handlowa im. Wojciecha Korfantego w Katowicach
2307,Agnieszka Wilczyńska,Wyższa Szkoła Bankowa w Toruniu
2314,Magdalena Wiśniewska,Uniwersytet Medyczny im. Karola Marcinkowskiego w Poznaniu
2327,Joanna Dagmara Witowska,Uniwersytet Przyrodniczo-Humanistyczny w Siedlcach
2333,Małgorzata Barbara Wojciechowska,Uniwersytet Medyczny im. Karola Marcinkowskiego w Poznaniu
2340,Krystyna Wojciechowska,Politechnika Lubelska
2343,Łukasz Wojciechowski,Uniwersytet Zielonogórski
2350,Bożena Wojtasik,Dolnośląska Szkoła Wyższa z siedzibą we Wrocławiu
2353,Agnieszka Wojtowicz,Akademia Wychowania Fizycznego im. Bronisława Czecha w Krakowie
2354,Ewa Wojtowicz,Wyższa Szkoła Menedżerska w Warszawie
2358,Agata Teresa Wolanin,Politechnika Rzeszowska im. Ignacego Łukasiewicza
2378,Anna Iwona Worsztynowicz,Wyższa Szkoła Bankowa  z siedzibą w Gdańsku
2379,Leszek Woszczek,Wyższa Szkoła Zarządzania Ochroną Pracy w Katowicach
2381,Agata Woźniak,Gnieźnieńska Szkoła Wyższa Milenium z siedzibą w Gnieźnie
2384,Agata Barbara Woźniak-Krakowian,Uniwersytet Humanistyczno-Przyrodniczy im. Jana Długosza w Częstochowie
2388,Rafał  Wojciech Wójciak,Uniwersytet Medyczny im. Karola Marcinkowskiego w Poznaniu
2390,Małgorzata Teresa Wójcik,Karpacka Państwowa Uczelnia w Krośnie
2392,Adrian Dominik Wójcik,Uniwersytet Mikołaja Kopernika w Toruniu
2395,Helena Wiesława Wrona-Polańska,Wyższa Szkoła Gospodarki w Bydgoszczy
2400,Krzysztof Witold Wrześniewski,Akademia Wychowania Fizycznego im. Bronisława Czecha w Krakowie
2401,Szymon Wrześniowski,Uniwersytet Papieski Jana Pawła II w Krakowie
2403,Grzegorz Wudarzewski,Wyższa Szkoła Bankowa we Wrocławiu
2409,Kinga Wytrychiewicz,Akademia Ekonomiczno-Humanistyczna w Warszawie
2435,Karolina Joanna Zalewska,Uniwersytet Przyrodniczy we Wrocławiu
2437,Beata Zamorska,Collegium Da Vinci z siedzibą w Poznaniu
2439,Anna Łucja Zarębska,Uczelnia Nauk Społecznych
2451,Agnieszka Sylwia Zawadzka-Jabłonowska,Akademia Leona Koźmińskiego w Warszawie
2456,Przemysław Zdybek,Uniwersytet Opolski
2457,Krzysztof Zdziarski,Pomorski Uniwersytet Medyczny w Szczecinie
2460,Piotr Zieliński,Wojskowy Instytut Medycyny Lotniczej
2463,Jerzy Tadeusz Zięba,Uniwersytet Rzeszowski
2465,Małgorzata Zimny,Pomorski Uniwersytet Medyczny w Szczecinie
2468,Monika Maria Ziobrowska,Dolnośląska Szkoła Wyższa z siedzibą we Wrocławiu
2477,Artur Ziółkowski ,Staropolska Akademia Nauk Stosowanych w Kielcach
2480,Barbara Zmaczyńska-Witek,Uniwersytet Opolski
2485,Jolanta Zwiernik,Dolnośląska Szkoła Wyższa z siedzibą we Wrocławiu
2487,Adam Alfred Zych,Dolnośląska Szkoła Wyższa z siedzibą we Wrocławiu
