uni,failed
SWPS_Uniwersytet_Humanistycznospołeczny_z_siedzibą_w_Warszawie,https://orcid.org/0000-0002-5329-4984
SWPS_Uniwersytet_Humanistycznospołeczny_z_siedzibą_w_Warszawie,https://orcid.org/0000-0001-8354-5521
SWPS_Uniwersytet_Humanistycznospołeczny_z_siedzibą_w_Warszawie,https://orcid.org/0000-0002-8674-9981
SWPS_Uniwersytet_Humanistycznospołeczny_z_siedzibą_w_Warszawie,http://orcid.org/0000-0001-9929-1992
SWPS_Uniwersytet_Humanistycznospołeczny_z_siedzibą_w_Warszawie,https://orcid.org/0000-0003-4777-2588
SWPS_Uniwersytet_Humanistycznospołeczny_z_siedzibą_w_Warszawie,https://orcid.org/0000-0001-8255-1946
SWPS_Uniwersytet_Humanistycznospołeczny_z_siedzibą_w_Warszawie,https://orcid.org/0000-0002-4672-4376
SWPS_Uniwersytet_Humanistycznospołeczny_z_siedzibą_w_Warszawie,https://orcid.org/0000-0002-0387-3187
SWPS_Uniwersytet_Humanistycznospołeczny_z_siedzibą_w_Warszawie,https://orcid.org/0000-0002-2881-4976
SWPS_Uniwersytet_Humanistycznospołeczny_z_siedzibą_w_Warszawie,https://orcid.org/0000-0002-3685-3721
SWPS_Uniwersytet_Humanistycznospołeczny_z_siedzibą_w_Warszawie,https://orcid.org/0000-0002-8652-0167
SWPS_Uniwersytet_Humanistycznospołeczny_z_siedzibą_w_Warszawie,https://orcid.org/0000-0001-7663-5262
SWPS_Uniwersytet_Humanistycznospołeczny_z_siedzibą_w_Warszawie,https://orcid.org/0000-0003-1862-3284
SWPS_Uniwersytet_Humanistycznospołeczny_z_siedzibą_w_Warszawie,https://orcid.org/0000-0002-6326-7760
SWPS_Uniwersytet_Humanistycznospołeczny_z_siedzibą_w_Warszawie,https://orcid.org/0000-0003-1950-4180
SWPS_Uniwersytet_Humanistycznospołeczny_z_siedzibą_w_Warszawie,https://orcid.org/0000-0002-4932-196X
SWPS_Uniwersytet_Humanistycznospołeczny_z_siedzibą_w_Warszawie,https://orcid.org/0000-0002-8156-8225
SWPS_Uniwersytet_Humanistycznospołeczny_z_siedzibą_w_Warszawie,https://orcid.org/0000-0003-4220-4063
SWPS_Uniwersytet_Humanistycznospołeczny_z_siedzibą_w_Warszawie,https://orcid.org/0000-0003-2720-484X
SWPS_Uniwersytet_Humanistycznospołeczny_z_siedzibą_w_Warszawie,https://orcid.org/0000-0001-5236-6387
SWPS_Uniwersytet_Humanistycznospołeczny_z_siedzibą_w_Warszawie,https://orcid.org/0000-0002-6517-5018
SWPS_Uniwersytet_Humanistycznospołeczny_z_siedzibą_w_Warszawie,https://orcid.org/0000-0002-2413-5343
SWPS_Uniwersytet_Humanistycznospołeczny_z_siedzibą_w_Warszawie,https://orcid.org/0000-0002-9880-6947
SWPS_Uniwersytet_Humanistycznospołeczny_z_siedzibą_w_Warszawie,https://orcid.org/0000-0002-6293-8729
SWPS_Uniwersytet_Humanistycznospołeczny_z_siedzibą_w_Warszawie,https://orcid.org/0000-0001-9234-5628
SWPS_Uniwersytet_Humanistycznospołeczny_z_siedzibą_w_Warszawie,https://orcid.org/0000-0002-0074-3264
SWPS_Uniwersytet_Humanistycznospołeczny_z_siedzibą_w_Warszawie,https://orcid.org/0000-0002-3035-3945
SWPS_Uniwersytet_Humanistycznospołeczny_z_siedzibą_w_Warszawie,https://orcid.org/0000-0002-4225-4258
SWPS_Uniwersytet_Humanistycznospołeczny_z_siedzibą_w_Warszawie,https://orcid.org/0000-0003-4920-8446
SWPS_Uniwersytet_Humanistycznospołeczny_z_siedzibą_w_Warszawie,https://orcid.org/0000-0002-8479-632X
SWPS_Uniwersytet_Humanistycznospołeczny_z_siedzibą_w_Warszawie,https://orcid.org/0000-0002-1130-0119
SWPS_Uniwersytet_Humanistycznospołeczny_z_siedzibą_w_Warszawie,https://orcid.org/0000-0002-7114-8884
SWPS_Uniwersytet_Humanistycznospołeczny_z_siedzibą_w_Warszawie,https://orcid.org/0000-0001-9564-3102
SWPS_Uniwersytet_Humanistycznospołeczny_z_siedzibą_w_Warszawie,https://orcid.org/0000-0002-5984-2339
SWPS_Uniwersytet_Humanistycznospołeczny_z_siedzibą_w_Warszawie,https://orcid.org/0000-0001-9611-3891
SWPS_Uniwersytet_Humanistycznospołeczny_z_siedzibą_w_Warszawie,https://orcid.org/0000-0003-0180-1697
SWPS_Uniwersytet_Humanistycznospołeczny_z_siedzibą_w_Warszawie,https://orcid.org/0000-0002-1982-2798
SWPS_Uniwersytet_Humanistycznospołeczny_z_siedzibą_w_Warszawie,https://orcid.org/0000-0001-5919-1110
SWPS_Uniwersytet_Humanistycznospołeczny_z_siedzibą_w_Warszawie,https://orcid.org/0000-0002-4170-6718
SWPS_Uniwersytet_Humanistycznospołeczny_z_siedzibą_w_Warszawie,https://orcid.org/0000-0001-5859-7100
SWPS_Uniwersytet_Humanistycznospołeczny_z_siedzibą_w_Warszawie,https://orcid.org/0000-0001-9487-0629
SWPS_Uniwersytet_Humanistycznospołeczny_z_siedzibą_w_Warszawie,https://orcid.org/0000-0002-4379-9495
SWPS_Uniwersytet_Humanistycznospołeczny_z_siedzibą_w_Warszawie,https://orcid.org/0000-0002-6095-5269
SWPS_Uniwersytet_Humanistycznospołeczny_z_siedzibą_w_Warszawie,https://orcid.org/0000-0003-3798-9265
SWPS_Uniwersytet_Humanistycznospołeczny_z_siedzibą_w_Warszawie,https://orcid.org/0000-0002-3354-1095
SWPS_Uniwersytet_Humanistycznospołeczny_z_siedzibą_w_Warszawie,https://orcid.org/0000-0002-7497-1876
SWPS_Uniwersytet_Humanistycznospołeczny_z_siedzibą_w_Warszawie,https://orcid.org/0000-0001-9552-8534
SWPS_Uniwersytet_Humanistycznospołeczny_z_siedzibą_w_Warszawie,https://orcid.org/0000-0002-7631-9486
SWPS_Uniwersytet_Humanistycznospołeczny_z_siedzibą_w_Warszawie,https://orcid.org/0000-0003-2156-350X
SWPS_Uniwersytet_Humanistycznospołeczny_z_siedzibą_w_Warszawie,https://orcid.org/0000-0001-8589-4135
SWPS_Uniwersytet_Humanistycznospołeczny_z_siedzibą_w_Warszawie,https://orcid.org/0000-0002-7104-5738
SWPS_Uniwersytet_Humanistycznospołeczny_z_siedzibą_w_Warszawie,https://orcid.org/0000-0002-4448-2561
SWPS_Uniwersytet_Humanistycznospołeczny_z_siedzibą_w_Warszawie,https://orcid.org/0000-0001-5679-5322
SWPS_Uniwersytet_Humanistycznospołeczny_z_siedzibą_w_Warszawie,https://orcid.org/0000-0002-6108-993X
SWPS_Uniwersytet_Humanistycznospołeczny_z_siedzibą_w_Warszawie,https://orcid.org/0000-0002-3242-2553
SWPS_Uniwersytet_Humanistycznospołeczny_z_siedzibą_w_Warszawie,https://orcid.org/0000-0002-7236-4394
SWPS_Uniwersytet_Humanistycznospołeczny_z_siedzibą_w_Warszawie,https://orcid.org/0000-0003-4802-2842
SWPS_Uniwersytet_Humanistycznospołeczny_z_siedzibą_w_Warszawie,https://orcid.org/0000-0002-2930-0483
SWPS_Uniwersytet_Humanistycznospołeczny_z_siedzibą_w_Warszawie,https://orcid.org/0000-0002-0210-2487
SWPS_Uniwersytet_Humanistycznospołeczny_z_siedzibą_w_Warszawie,https://orcid.org/0000-0003-0772-0783
SWPS_Uniwersytet_Humanistycznospołeczny_z_siedzibą_w_Warszawie,https://orcid.org/0000-0003-2187-8085
SWPS_Uniwersytet_Humanistycznospołeczny_z_siedzibą_w_Warszawie,https://orcid.org/0000-0002-2135-8699
SWPS_Uniwersytet_Humanistycznospołeczny_z_siedzibą_w_Warszawie,https://orcid.org/0000-0002-2307-3216
SWPS_Uniwersytet_Humanistycznospołeczny_z_siedzibą_w_Warszawie,https://orcid.org/0000-0003-0658-9656
SWPS_Uniwersytet_Humanistycznospołeczny_z_siedzibą_w_Warszawie,https://orcid.org/0000-0002-0403-8079
SWPS_Uniwersytet_Humanistycznospołeczny_z_siedzibą_w_Warszawie,https://orcid.org/0000-0002-0409-4230
SWPS_Uniwersytet_Humanistycznospołeczny_z_siedzibą_w_Warszawie,https://orcid.org/0000-0002-6042-8215
SWPS_Uniwersytet_Humanistycznospołeczny_z_siedzibą_w_Warszawie,https://orcid.org/0000-0003-2737-9236
SWPS_Uniwersytet_Humanistycznospołeczny_z_siedzibą_w_Warszawie,https://orcid.org/0000-0003-3452-864X
SWPS_Uniwersytet_Humanistycznospołeczny_z_siedzibą_w_Warszawie,https://orcid.org/0000-0002-2294-5529
SWPS_Uniwersytet_Humanistycznospołeczny_z_siedzibą_w_Warszawie,https://orcid.org/0000-0002-4813-5233
SWPS_Uniwersytet_Humanistycznospołeczny_z_siedzibą_w_Warszawie,https://orcid.org/0000-0002-9827-8371
SWPS_Uniwersytet_Humanistycznospołeczny_z_siedzibą_w_Warszawie,https://orcid.org/0000-0001-8707-742X
SWPS_Uniwersytet_Humanistycznospołeczny_z_siedzibą_w_Warszawie,https://orcid.org/0000-0003-4905-9321
SWPS_Uniwersytet_Humanistycznospołeczny_z_siedzibą_w_Warszawie,https://orcid.org/0000-0002-1474-8410
SWPS_Uniwersytet_Humanistycznospołeczny_z_siedzibą_w_Warszawie,https://orcid.org/0000-0001-5457-6396
SWPS_Uniwersytet_Humanistycznospołeczny_z_siedzibą_w_Warszawie,https://orcid.org/0000-0002-4731-1901
SWPS_Uniwersytet_Humanistycznospołeczny_z_siedzibą_w_Warszawie,https://orcid.org/0000-0001-6305-8080
SWPS_Uniwersytet_Humanistycznospołeczny_z_siedzibą_w_Warszawie,https://orcid.org/0000-0001-5187-649X
SWPS_Uniwersytet_Humanistycznospołeczny_z_siedzibą_w_Warszawie,https://orcid.org/0000-0002-4033-1870
SWPS_Uniwersytet_Humanistycznospołeczny_z_siedzibą_w_Warszawie,https://orcid.org/0000-0003-4095-8865
SWPS_Uniwersytet_Humanistycznospołeczny_z_siedzibą_w_Warszawie,https://orcid.org/0000-0002-7418-8566
SWPS_Uniwersytet_Humanistycznospołeczny_z_siedzibą_w_Warszawie,https://orcid.org/0000-0002-4704-9544
SWPS_Uniwersytet_Humanistycznospołeczny_z_siedzibą_w_Warszawie,https://orcid.org/0000-0002-2990-2337
SWPS_Uniwersytet_Humanistycznospołeczny_z_siedzibą_w_Warszawie,http://orcid.org/0000-0002-9605-4251
SWPS_Uniwersytet_Humanistycznospołeczny_z_siedzibą_w_Warszawie,https://orcid.org/0000-0002-1423-3660
SWPS_Uniwersytet_Humanistycznospołeczny_z_siedzibą_w_Warszawie,https://orcid.org/0000-0003-2341-3927
SWPS_Uniwersytet_Humanistycznospołeczny_z_siedzibą_w_Warszawie,https://orcid.org/0000-0003-0914-1144
SWPS_Uniwersytet_Humanistycznospołeczny_z_siedzibą_w_Warszawie,https://orcid.org/0000-0002-5811-740X 
SWPS_Uniwersytet_Humanistycznospołeczny_z_siedzibą_w_Warszawie,https://orcid.org/0000-0001-5085-0431
SWPS_Uniwersytet_Humanistycznospołeczny_z_siedzibą_w_Warszawie,https://orcid.org/0000-0003-3265-8635 
SWPS_Uniwersytet_Humanistycznospołeczny_z_siedzibą_w_Warszawie,https://orcid.org/0000-0002-5423-2291 
SWPS_Uniwersytet_Humanistycznospołeczny_z_siedzibą_w_Warszawie,https://orcid.org/0000-0003-4963-3637 
SWPS_Uniwersytet_Humanistycznospołeczny_z_siedzibą_w_Warszawie,http://orcid.org/0000-0002-1693-2692 
SWPS_Uniwersytet_Humanistycznospołeczny_z_siedzibą_w_Warszawie,https://orcid.org/0000-0002-1283-3267 
SWPS_Uniwersytet_Humanistycznospołeczny_z_siedzibą_w_Warszawie,https://orcid.org/0000-0003-1771-2760 
SWPS_Uniwersytet_Humanistycznospołeczny_z_siedzibą_w_Warszawie,http://orcid.org/0000-0002-7255-4542 
SWPS_Uniwersytet_Humanistycznospołeczny_z_siedzibą_w_Warszawie,https://orcid.org/0000-0002-3853-1806 
SWPS_Uniwersytet_Humanistycznospołeczny_z_siedzibą_w_Warszawie,https://orcid.org/0000-0001-7722-4932 
SWPS_Uniwersytet_Humanistycznospołeczny_z_siedzibą_w_Warszawie,https://orcid.org/0000-0003-0583-7697 
SWPS_Uniwersytet_Humanistycznospołeczny_z_siedzibą_w_Warszawie,https://orcid.org/0000-0002-8960-0277 
SWPS_Uniwersytet_Humanistycznospołeczny_z_siedzibą_w_Warszawie,https://orcid.org/0000-0002-0020-6477 
SWPS_Uniwersytet_Humanistycznospołeczny_z_siedzibą_w_Warszawie,https://orcid.org/0000-0001-6913-0186 
SWPS_Uniwersytet_Humanistycznospołeczny_z_siedzibą_w_Warszawie,https://orcid.org/0000-0001-9752-510X 
SWPS_Uniwersytet_Humanistycznospołeczny_z_siedzibą_w_Warszawie,https://orcid.org/0000-0001-9990-4971 
SWPS_Uniwersytet_Humanistycznospołeczny_z_siedzibą_w_Warszawie,https://orcid.org/0000-0002-4372-7053 
SWPS_Uniwersytet_Humanistycznospołeczny_z_siedzibą_w_Warszawie,https://orcid.org/0000-0001-8689-6757 
SWPS_Uniwersytet_Humanistycznospołeczny_z_siedzibą_w_Warszawie,https://orcid.org/0000-0002-4773-7814 
SWPS_Uniwersytet_Humanistycznospołeczny_z_siedzibą_w_Warszawie,https://orcid.org/0000-0002-6133-0658 
SWPS_Uniwersytet_Humanistycznospołeczny_z_siedzibą_w_Warszawie,https://orcid.org/0000-0003-0815-1455 
SWPS_Uniwersytet_Humanistycznospołeczny_z_siedzibą_w_Warszawie,https://orcid.org/0000-0001-5729-8168 
SWPS_Uniwersytet_Humanistycznospołeczny_z_siedzibą_w_Warszawie,https://orcid.org/0000-0002-6780-2265 
SWPS_Uniwersytet_Humanistycznospołeczny_z_siedzibą_w_Warszawie,https://orcid.org/0000-0003-1048-745X 
SWPS_Uniwersytet_Humanistycznospołeczny_z_siedzibą_w_Warszawie,https://orcid.org/0000-0002-4085-9480 
SWPS_Uniwersytet_Humanistycznospołeczny_z_siedzibą_w_Warszawie,https://orcid.org/0000-0003-0248-8233
SWPS_Uniwersytet_Humanistycznospołeczny_z_siedzibą_w_Warszawie,https://orcid.org/0000-0002-1903-1830
SWPS_Uniwersytet_Humanistycznospołeczny_z_siedzibą_w_Warszawie,https://orcid.org/0000-0002-0069-3826
SWPS_Uniwersytet_Humanistycznospołeczny_z_siedzibą_w_Warszawie,https://orcid.org/0000-0001-8932-0868
SWPS_Uniwersytet_Humanistycznospołeczny_z_siedzibą_w_Warszawie,https://orcid.org/0000-0002-1919-3426
SWPS_Uniwersytet_Humanistycznospołeczny_z_siedzibą_w_Warszawie,https://orcid.org/0000-0002-3026-853X
SWPS_Uniwersytet_Humanistycznospołeczny_z_siedzibą_w_Warszawie,https://orcid.org/0000-0003-1327-6850
SWPS_Uniwersytet_Humanistycznospołeczny_z_siedzibą_w_Warszawie,https://orcid.org/0000-0002-1748-3876
SWPS_Uniwersytet_Humanistycznospołeczny_z_siedzibą_w_Warszawie,https://orcid.org/0000-0002-5357-744X
SWPS_Uniwersytet_Humanistycznospołeczny_z_siedzibą_w_Warszawie,https://orcid.org/0000-0001-5239-1435
SWPS_Uniwersytet_Humanistycznospołeczny_z_siedzibą_w_Warszawie,https://orcid.org/0000-0001-6893-1635
SWPS_Uniwersytet_Humanistycznospołeczny_z_siedzibą_w_Warszawie,https://orcid.org/0000-0002-3561-0488
SWPS_Uniwersytet_Humanistycznospołeczny_z_siedzibą_w_Warszawie,https://orcid.org/0000-0003-3961-4184
SWPS_Uniwersytet_Humanistycznospołeczny_z_siedzibą_w_Warszawie,https://orcid.org/0000-0002-6069-3051
SWPS_Uniwersytet_Humanistycznospołeczny_z_siedzibą_w_Warszawie,https://orcid.org/0000-0001-7674-7651
SWPS_Uniwersytet_Humanistycznospołeczny_z_siedzibą_w_Warszawie,https://orcid.org/0000-0001-9746-1505
SWPS_Uniwersytet_Humanistycznospołeczny_z_siedzibą_w_Warszawie,https://orcid.org/0000-0001-7785-6956
SWPS_Uniwersytet_Humanistycznospołeczny_z_siedzibą_w_Warszawie,https://orcid.org/0000-0002-6550-7369
SWPS_Uniwersytet_Humanistycznospołeczny_z_siedzibą_w_Warszawie,https://orcid.org/0000-0002-6361-2843
SWPS_Uniwersytet_Humanistycznospołeczny_z_siedzibą_w_Warszawie,https://orcid.org/0000-0001-8038-8225
SWPS_Uniwersytet_Humanistycznospołeczny_z_siedzibą_w_Warszawie,https://orcid.org/0000-0001-9145-1998
SWPS_Uniwersytet_Humanistycznospołeczny_z_siedzibą_w_Warszawie,https://orcid.org/0000-0003-3948-1676
SWPS_Uniwersytet_Humanistycznospołeczny_z_siedzibą_w_Warszawie,https://orcid.org/0000-0003-3736-7984
SWPS_Uniwersytet_Humanistycznospołeczny_z_siedzibą_w_Warszawie,https://orcid.org/0000-0003-2330-1802
SWPS_Uniwersytet_Humanistycznospołeczny_z_siedzibą_w_Warszawie,https://orcid.org/0000-0002-4112-5454
SWPS_Uniwersytet_Humanistycznospołeczny_z_siedzibą_w_Warszawie,https://orcid.org/0000-0002-6328-8043
SWPS_Uniwersytet_Humanistycznospołeczny_z_siedzibą_w_Warszawie,https://orcid.org/0000-0002-8950-3119
SWPS_Uniwersytet_Humanistycznospołeczny_z_siedzibą_w_Warszawie,https://orcid.org/0000-0003-1541-8699
SWPS_Uniwersytet_Humanistycznospołeczny_z_siedzibą_w_Warszawie,https://orcid.org/0000-0003-1098-1933
SWPS_Uniwersytet_Humanistycznospołeczny_z_siedzibą_w_Warszawie,https://orcid.org/0000-0002-4232-6151
SWPS_Uniwersytet_Humanistycznospołeczny_z_siedzibą_w_Warszawie,https://orcid.org/0000-0002-7285-4748
SWPS_Uniwersytet_Humanistycznospołeczny_z_siedzibą_w_Warszawie,https://orcid.org/0000-0002-5130-8510
SWPS_Uniwersytet_Humanistycznospołeczny_z_siedzibą_w_Warszawie,https://orcid.org/0000-0003-2072-0841
SWPS_Uniwersytet_Humanistycznospołeczny_z_siedzibą_w_Warszawie,https://orcid.org/0000-0002-0043-0815
SWPS_Uniwersytet_Humanistycznospołeczny_z_siedzibą_w_Warszawie,https://orcid.org/0000-0002-8275-2585
SWPS_Uniwersytet_Humanistycznospołeczny_z_siedzibą_w_Warszawie,https://orcid.org/0000-0002-3492-2236
SWPS_Uniwersytet_Humanistycznospołeczny_z_siedzibą_w_Warszawie,https://orcid.org/0000-0001-8828-6047
SWPS_Uniwersytet_Humanistycznospołeczny_z_siedzibą_w_Warszawie,https://orcid.org/0000-0002-1992-1518
SWPS_Uniwersytet_Humanistycznospołeczny_z_siedzibą_w_Warszawie,https://orcid.org/0000-0002-1761-7328
